word,positive,negative
噲,0,1
媢,1,0
媢嫉,1,0
忺,1,0
爱,1,0
爱不忍释,1,0
爱不释手,1,0
爱宠,1,0
爱戴,1,0
爱抚,1,0
爱好,1,0
爱护,1,0
爱怜,1,0
爱恋,1,0
爱慕,1,0
爱上,1,0
爱屋及乌,1,0
爱惜,1,0
安,1,0
昂扬,1,0
巴,1,0
巴不得,1,0
巴望,1,0
摆好,1,0
拜,1,0
拜拜,1,0
拜服,1,0
拜贺,1,0
拜谒,1,0
褒,1,0
褒奖,1,0
褒扬,1,0
睎,1,0
表扬,1,0
表彰,1,0
并重,1,0
补台,1,0
不看僧面看佛面,1,0
不愧,1,0
不胜欣忭,1,0
不惜,1,0
不厌,1,0
睬,1,0
采纳,1,0
参拜,1,0
参谒,1,0
侧重,1,0
馋,1,0
畅快,1,0
唱喏,1,0
倡,1,0
朝拜,1,0
朝思暮想,1,0
撑台面,1,0
撑腰,1,0
称,1,0
称道,1,0
称快,1,0
称赏,1,0
称颂,1,0
称叹,1,0
称羡,1,0
称谢,1,0
称心,1,0
称心如意,1,0
称心如愿,1,0
称许,1,0
称誉,1,0
称愿,1,0
称赞,1,0
承,1,0
承蒙,1,0
承情,1,0
承望,1,0
承应,1,0
骋怀,1,0
吃醋,1,0
痴,0,1
痴恋,1,0
痴迷,1,0
痴情,1,0
痴心不改,1,0
痴心妄想,1,0
驰念,1,0
驰思,1,0
崇,1,0
崇拜,1,0
崇敬,1,0
崇尚,1,0
崇仰,1,0
宠,1,0
宠爱,1,0
宠幸,1,0
酬谢,1,0
踌躇满志,1,0
出迎,1,0
垂爱,1,0
垂念,1,0
垂青,1,0
垂涎,1,0
垂涎三尺,1,0
垂涎欲滴,1,0
春风得意,1,0
春风满面,1,0
醋意大发,1,0
措意,1,0
答礼,1,0
答谢,1,0
答应,1,0
打千,1,0
大快人心,1,0
大喜过望,1,0
戴,1,0
胆敢,1,0
弹冠相庆,1,0
当真,1,0
当之无愧,1,0
倒向,1,0
道贺,1,0
道谢,1,0
得意,1,0
得意忘形,1,0
点头,1,0
点头称是,1,0
点头哈腰,1,0
电贺,1,0
奠祭,1,0
吊祭,1,0
盯紧,1,0
盯住,1,0
顶礼,1,0
顶礼膜拜,1,0
抖,1,0
睹物思人,1,0
妒,1,0
妒恨,1,0
妒火中烧,1,0
妒嫉,1,0
妒忌,1,0
妒羡,1,0
多留个心眼儿,1,0
堕入爱河,1,0
堕入情网,1,0
额手称庆,1,0
反哺,1,0
放胆,1,0
放在心上,1,0
费心,1,0
封禅,1,0
疯魔,1,0
奉,1,0
奉若神明,1,0
奉迎,1,0
俯允,1,0
甘,1,0
甘心,1,0
甘心情愿,1,0
甘愿,1,0
感,1,0
感恩,1,0
感恩戴德,1,0
感激,1,0
感激不尽,1,0
感激涕零,1,0
感同身受,1,0
感谢,1,0
感兴趣,1,0
敢,1,0
高看,1,0
高山仰止,1,0
高兴,1,0
歌颂,1,0
给 ... 留面子,1,0
给脸,1,0
给面子,1,0
恭而敬之,1,0
恭贺,1,0
恭敬,1,0
恭维,1,0
恭喜,1,0
恭祝,1,0
供奉,1,0
公祭,1,0
拱手,1,0
顾,1,0
顾及,1,0
顾盼自雄,1,0
顾全,1,0
顾惜,1,0
挂牵,0,1
关爱,1,0
关怀,1,0
关怀备至,1,0
关切,1,0
关心,1,0
关照,1,0
关注,1,0
管,1,0
贯注,1,0
鬼迷心窍,1,0
跪拜,1,0
跪叩,1,0
过,1,0
过奖,1,0
过问,1,0
过誉,1,0
哈,1,0
酣畅,1,0
豪情满怀,1,0
好,1,0
好奇,1,0
好情,1,0
喝彩,1,0
合掌,1,0
贺,1,0
狠抓,1,0
恨不得,1,0
恨不能,1,0
横心,1,0
厚望,1,0
怀,1,0
怀恋,1,0
怀念,1,0
怀想,1,0
欢,1,0
欢畅,1,0
欢欢喜喜,1,0
欢快,1,0
欢乐,1,0
欢闹,1,0
欢声雷动,1,0
欢腾,1,0
欢天喜地,1,0
欢慰,1,0
欢喜,1,0
欢欣,1,0
欢欣鼓舞,1,0
欢迎,1,0
欢愉,1,0
欢娱,1,0
欢悦,1,0
欢忭,1,0
还礼,1,0
回敬,1,0
回礼,1,0
魂牵梦系,1,0
魂牵梦萦,1,0
豁朗,1,0
稽首,1,0
极热心,1,0
集中,1,0
集注,1,0
急,0,1
嫉,1,0
嫉妒,1,0
冀,1,0
冀求,1,0
冀望,1,0
祭,1,0
祭拜,1,0
祭奠,1,0
祭扫,1,0
祭祀,1,0
记挂,1,0
忌,0,1
忌妒,1,0
嘉,1,0
嘉奖,1,0
嘉许,1,0
夹道欢迎,1,0
兼顾,1,0
检点,1,0
见爱,1,0
见义勇为,1,0
奖,1,0
奖励,1,0
奖赏,1,0
奖掖,1,0
讲,1,0
讲究,1,0
讲求,1,0
交口称誉,1,0
交口称赞,1,0
叫好,1,0
叫绝,1,0
接受,1,0
皆大欢喜,1,0
尽,1,0
尽孝,1,0
尽忠,1,0
惊喜,1,0
景仰,1,0
敬,1,0
敬爱,1,0
敬奉,1,0
敬服,1,0
敬贺,1,0
敬礼,1,0
敬慕,1,0
敬佩,1,0
敬若神明,1,0
敬畏,1,0
敬仰,1,0
敬重,1,0
敬祝,1,0
竟敢,1,0
鞠躬,1,0
聚焦,1,0
聚精会神,1,0
眷爱,1,0
眷恋,1,0
眷念,1,0
开绿灯,1,0
开心,1,0
看车,1,0
看得起,1,0
看得上,1,0
看得上眼,1,0
看上,1,0
看上眼,1,0
看在,1,0
看中,1,0
看重,1,0
考究,1,0
磕头,1,0
渴慕,1,0
渴念,1,0
渴盼,1,0
渴求,1,0
渴望,1,0
渴想,1,0
肯,1,0
肯定,1,0
肯于,1,0
口角春风,1,0
酷爱,1,0
酷好,1,0
夸,1,0
夸奖,1,0
夸赞,1,0
快,1,0
快活,1,0
快乐,1,0
快慰,1,0
快意,1,0
宽畅,1,0
宽松,1,0
狂喜,1,0
狂想,1,0
来神,1,0
乐,1,0
乐不可支,1,0
乐颠颠,1,0
乐呵呵,1,0
乐乐呵呵,1,0
乐陶陶,1,0
乐意,1,0
乐悠悠,1,0
乐于,1,0
乐滋滋,1,0
理会,1,0
理直气壮,1,0
礼赞,1,0
立项,1,0
力主,1,0
怜爱,1,0
恋,1,0
恋爱,1,0
恋恋不舍,1,0
领情,1,0
留个心眼儿,1,0
留神,1,0
留心,1,0
留意,1,0
论功行赏,1,0
买账,1,0
满,0,1
满怀豪情,1,0
满怀激情,1,0
满面春风,1,0
满心欢喜,1,0
满意,1,0
满足,1,0
眉飞色舞,1,0
美,1,0
美言,1,0
美滋滋,1,0
梦魂萦绕,1,0
梦寐以求,1,0
梦想,1,0
迷,1,0
迷恋,1,0
迷上,1,0
面有喜色,1,0
鸣谢,1,0
谬奖,1,0
膜拜,1,0
默认,1,0
默许,1,0
慕,1,0
慕名,1,0
溺爱,1,0
念,1,0
拍案叫绝,1,0
拍手称快,1,0
拍手叫好,1,0
盼,1,0
盼念,1,0
盼望,1,0
佩,1,0
佩服,1,0
捧场,1,0
批准,1,0
偏爱,1,0
偏宠,1,0
偏好,1,0
偏重,1,0
飘飘然,1,0
飘飘欲仙,1,0
迫切需要,1,0
普天同庆,1,0
期,1,0
期待,1,0
期盼,1,0
期望,1,0
祈盼,1,0
起敬,1,0
企,1,0
企慕,1,0
企盼,1,0
企望,1,0
器重,1,0
牵肠挂肚,1,0
牵挂,1,0
千恩万谢,1,0
敲边鼓,1,0
瞧得起,1,0
瞧得上眼,1,0
翘盼,1,0
翘企,1,0
翘望,1,0
钦,1,0
钦佩,1,0
亲热,1,0
亲热亲热,1,0
轻快,1,0
倾慕,1,0
倾向,1,0
倾心,1,0
情有独钟,1,0
情愿,1,0
庆,1,0
庆贺,1,0
庆幸,1,0
庆祝,1,0
圈定,1,0
饶有兴趣,1,0
热心,1,0
人心大快,1,0
认,1,0
认可,1,0
认了,1,0
认命,1,0
日有所思,1,0
融融,1,0
容,1,0
容许,1,0
如痴如狂,1,0
如痴如醉,1,0
如获至宝,1,0
如意,1,0
如愿以偿,1,0
如醉如痴,1,0
入迷,1,0
入魔,1,0
入神,1,0
赏,1,0
赏识,1,0
赏赉,1,0
尚,1,0
烧高香,1,0
奢望,1,0
申谢,1,0
伸张,1,0
神魂颠倒,1,0
神往,1,0
甚感欢慰,1,0
盛赞,1,0
施礼,1,0
十分满意,1,0
示好,1,0
示同意,1,0
示喜,1,0
释放善意,1,0
手舞足蹈,1,0
首肯,1,0
守候,1,0
守岁,1,0
舒畅,1,0
舒服,1,0
舒坦,1,0
属望,1,0
属意,1,0
树碑立传,1,0
爽,1,0
爽快,1,0
爽心,1,0
爽怡,1,0
说好,1,0
说好话,1,0
说妥,1,0
说项,1,0
思,1,0
思恋,1,0
思慕,1,0
思念,1,0
松心,1,0
颂,1,0
颂扬,1,0
颂赞,1,0
送往迎来,1,0
随心,1,0
遂心,1,0
遂意,1,0
抬爱,1,0
抬举,1,0
贪,0,1
贪恋,1,0
贪图,1,0
叹,1,0
叹服,1,0
叹赏,1,0
叹为观止,1,0
叹羡,1,0
陶然,1,0
陶陶,1,0
陶醉,1,0
特许,1,0
疼,1,0
疼爱,1,0
疼惜,1,0
提倡,1,0
甜丝丝,1,0
甜滋滋,1,0
挑三拣四,1,0
挑眼,1,0
通过,1,0
通融,1,0
同意,1,0
吐口,1,0
吐气扬眉,1,0
推,1,0
推崇,1,0
推戴,1,0
推许,1,0
推重,1,0
推尊,1,0
望,1,0
望眼欲穿,1,0
忘乎所以,1,0
妄想,1,0
维护,1,0
畏,0,1
温存,1,0
问心无愧,1,0
无愧,1,0
嘻嘻哈哈,1,0
稀罕,1,0
希,1,0
希罕,1,0
希冀,1,0
希图,1,0
希望,1,0
惜,0,1
喜,1,0
喜爱,1,0
喜不自禁,1,0
喜不自胜,1,0
喜冲冲,1,0
喜出望外,1,0
喜好,1,0
喜欢,1,0
喜乐,1,0
喜眉笑眼,1,0
喜气洋洋,1,0
喜上眉梢,1,0
喜上心头,1,0
喜兴,1,0
喜形于色,1,0
喜幸,1,0
喜洋洋,1,0
喜吟吟,1,0
喜盈盈,1,0
喜悦,1,0
喜滋滋,1,0
喜孜孜,1,0
显扬,1,0
羡,1,0
羡慕,1,0
相中,1,0
想,1,0
想念,1,0
想望,1,0
向,1,0
向 ... 倾斜,1,0
向往,1,0
向着,1,0
销魂,1,0
消魂,1,0
孝敬,1,0
孝顺,1,0
写意,1,0
谢,1,0
谢天谢地,1,0
谢谢,1,0
欣,1,0
欣赏,1,0
欣慰,1,0
欣喜,1,0
欣喜若狂,1,0
欣羡,1,0
欣幸,1,0
忻,1,0
心驰神往,1,0
心荡神驰,1,0
心甘,1,0
心甘情愿,1,0
心花怒放,1,0
心旷神怡,1,0
心满意足,1,0
心疼,0,1
心向,1,0
心醉,1,0
兴高采烈,1,0
行礼,1,0
需,1,0
需要,1,0
许,1,0
许可,1,0
轩然,1,0
悬红,1,0
悬赏,1,0
眼馋,1,0
眼红,1,0
眼热,1,0
艳羡,1,0
扬眉吐气,1,0
扬扬,1,0
扬扬得意,1,0
扬扬自得,1,0
洋洋得意,1,0
洋洋自得,1,0
仰,1,0
仰慕,1,0
摇头摆尾,1,0
摇头晃脑,1,0
要,1,0
夜有所梦,1,0
一往情深,1,0
揖,1,0
依依不舍,1,0
依允,1,0
以期,1,0
以求,1,0
意欲,1,0
溢美,1,0
引颈企待,1,0
引领,1,0
应,1,0
应承,1,0
应下,1,0
应许,1,0
应允,1,0
应准,1,0
迎,1,0
迎候,1,0
迎接,1,0
迎来,1,0
迎迓,1,0
拥,1,0
拥戴,1,0
拥护,1,0
咏赞,1,0
用,1,0
用心良苦,1,0
有心,1,0
有意,1,0
俞允,1,0
愉,1,0
愉快,1,0
愉悦,1,0
欲,1,0
誉,1,0
愿,1,0
愿意,1,0
跃跃欲试,1,0
悦,1,0
悦服,1,0
允,1,0
允许,1,0
允准,1,0
在乎,0,1
在心,1,0
在意,1,0
赞,1,0
赞成,1,0
赞服,1,0
赞美,1,0
赞慕,1,0
赞佩,1,0
赞赏,1,0
赞颂,1,0
赞叹,1,0
赞同,1,0
赞羡,1,0
赞许,1,0
赞扬,1,0
赞誉,1,0
沾沾自喜,1,0
照准,1,0
折服,1,0
珍,1,0
珍爱,1,0
珍视,1,0
珍惜,1,0
珍重,1,0
正中下怀,1,0
支持,1,0
知冷知热,1,0
知冷着热,1,0
知足,1,0
指靠,1,0
指望,1,0
志愿,1,0
挚爱,1,0
致贺,1,0
致敬,1,0
致谢,1,0
中意,1,0
钟,1,0
钟爱,1,0
钟情,1,0
重,0,1
重视,1,0
重在,1,0
瞩目,1,0
瞩望,1,0
主持,1,0
注,1,0
注意,1,0
注重,1,0
祝,1,0
祝福,1,0
祝贺,1,0
祝颂,1,0
祝愿,1,0
抓,1,0
抓紧,1,0
准,1,0
准许,1,0
准予,1,0
着迷,1,0
着想,1,0
着眼,1,0
着眼于,1,0
自得,1,0
自得其乐,1,0
自告奋勇,1,0
自满,1,0
自鸣得意,1,0
自认,1,0
自愿,1,0
自足,1,0
宗仰,1,0
醉心,1,0
尊,1,0
尊崇,1,0
尊敬,1,0
尊重,1,0
傧,1,0
佥同,1,0
跂望,1,0
讴歌,1,0
谒,1,0
哿,1,0
埽,1,0
萦念,1,0
揄扬,1,0
叩,1,0
叩拜,1,0
叩首,1,0
叩头,1,0
哙,0,1
啧啧称羡,1,0
啧啧称赞,1,0
喁,1,0
嗟,1,0
醊,1,0
徼,1,0
夤,1,0
饫,1,0
廑,1,0
忮,0,1
忭,1,0
忭跃,1,0
怏然自足,1,0
怿,1,0
怡然自得,1,0
恺,1,0
悚,0,1
惬,1,0
惬意,1,0
慊,0,1
憧憬,1,0
迓,1,0
嬖,1,0
绻,1,0
觊,1,0
觊觎,1,0
犒,1,0
犒劳,1,0
犒赏,1,0
胪,1,0
歆,1,0
歆慕,1,0
歆羡,1,0
祀,1,0
祗,1,0
眄,1,0
顒,1,0
锺,1,0
鹄望,1,0
翊戴,1,0
裣衽,1,0
酹,1,0
雩,1,0
侻,1,0
俶傥,1,0
僄,0,1
劼,1,0
嫕,1,0
惇,1,0
惓惓,1,0
會,1,0
牣,1,0
皞,1,0
挨边,1,0
哀婉,1,0
哀艳,1,0
蔼,1,0
蔼蔼,1,0
蔼然,1,0
蔼然可亲,1,0
蔼如,1,0
艾,1,0
碍事,1,0
安安静静,1,0
安安稳稳,1,0
安定,1,0
安顿,1,0
安分,1,0
安好,1,0
安静,1,0
安康,1,0
安澜,1,0
安乐,1,0
安宁,1,0
安全,1,0
安然,1,0
安然无事,1,0
安然无恙,1,0
安如磐石,1,0
安如泰山,1,0
安生,1,0
安适,1,0
安泰,1,0
安恬,1,0
安稳,1,0
安详,1,0
安逸,1,0
安谧,1,0
按期,1,0
按时,1,0
昂昂,1,0
昂藏,1,0
昂然,1,0
傲然,1,0
奥,1,0
奥博,1,0
奥妙,1,0
巴结,1,0
拔尖,1,0
拔尖儿,1,0
拔俗,1,0
把牢,1,0
把稳,1,0
把细,1,0
白,0,1
白纸黑字,1,0
百不一失,1,0
百读不厌,1,0
百废俱兴,1,0
百里挑一,1,0
百炼成钢,1,0
百听不厌,1,0
百无一失,1,0
百依百顺,1,0
百折不回,1,0
百折不挠,1,0
百折不挠地,1,0
板板正正,1,0
板实,1,0
板正,1,0
半公开,1,0
半透明,1,0
膀大腰圆,1,0
膀阔腰圆,1,0
棒,1,0
磅礴,1,0
苞,1,0
睆,1,0
保存良好,1,0
保皇,1,0
保险,1,0
保准,1,0
饱学,1,0
宝,1,0
宝贵,1,0
悲壮,1,0
卑,0,1
倍儿棒,1,0
备细,1,0
奔放,1,0
本质,1,0
笨鸟先飞,1,0
逼真,1,0
笔挺,1,0
笔直,1,0
毕恭毕敬,1,0
毖,1,0
闭月羞花,1,0
必备,1,0
必不可少,1,0
必需,1,0
必要,1,0
辟,1,0
鞭辟近里,1,0
鞭辟入里,1,0
便,1,0
便当,1,0
便捷,1,0
便利,1,0
便民,1,0
便宜,1,0
变通,1,0
辩证,1,0
标定,1,0
标致,1,0
标准,1,0
彪炳,1,0
彪炳千古,1,0
彪炳史册,1,0
彪悍,1,0
彪形,1,0
彪壮,1,0
表观,1,0
表里如一,1,0
表里一致,1,0
别具匠心,1,0
别具一格,1,0
别开生面,1,0
别有风味,1,0
别有情趣,1,0
彬,1,0
彬彬,1,0
彬彬有礼,1,0
斌,1,0
兵强马壮,1,0
冰肌玉骨,1,0
冰清玉洁,1,0
冰雪聪明,1,0
秉持公正,1,0
秉公,1,0
秉正,1,0
秉直,1,0
炳,1,0
并茂,1,0
波光粼粼,1,0
波澜壮阔,1,0
博大,1,0
博大精深,1,0
博古通今,1,0
博识,1,0
博闻,1,0
博闻广识,1,0
博闻强记,1,0
博学,1,0
博学多才,1,0
博学多能,1,0
博学多闻,1,0
博雅,1,0
勃,1,0
勃勃,1,0
勃勃生机,1,0
不卑不亢,1,0
不变,1,0
不耻下问,1,0
不错,1,0
不大不小,1,0
不大离儿,1,0
不惮其烦,1,0
不动摇,1,0
不费吹灰之力,1,0
不费力,1,0
不苟,1,0
不苟言笑,1,0
不含糊,1,0
不会腐败,1,0
不会弄错,1,0
不加区别,1,0
不加掩饰,1,0
不加渲染,1,0
不简单,1,0
不骄不躁,1,0
不咎既往,1,0
不亢不卑,1,0
不可或缺,1,0
不可缺,1,0
不可缺少,1,0
不赖,1,0
不离儿,1,0
不落俗套,1,0
不落窠臼,1,0
不难,1,0
不偏不倚,1,0
不屈,1,0
不屈不挠,1,0
不容怀疑,1,0
不容置辩,1,0
不容置疑,1,0
不俗,1,0
不同凡响,1,0
不同寻常,1,0
不为已甚,1,0
不畏艰险,1,0
不无道理,1,0
不无小补,1,0
不无裨益,1,0
不武断,1,0
不限,1,0
不懈,1,0
不懈怠,1,0
不泄气,1,0
不言而喻,1,0
不厌其烦,1,0
不厌其详,1,0
不在话下,1,0
不争,1,0
不整齐,1,0
不知疲倦,1,0
部优,1,0
才高八斗,1,0
才华横溢,1,0
才略过人,1,0
才气横溢,1,0
才思敏捷,1,0
财大气粗,1,0
惨淡,0,1
惨烈,0,1
灿,1,0
灿烂,1,0
灿烂夺目,1,0
灿亮,1,0
灿然,1,0
苍郁,1,0
缠绵,1,0
昌,1,0
昌明,1,0
常,1,0
常规,1,0
长,1,0
长治久安,1,0
敞开,1,0
敞开儿,1,0
敞口,1,0
敞亮,1,0
畅达,1,0
畅顺,1,0
超拔,1,0
超尘拔俗,1,0
超等,1,0
超凡入圣,1,0
超凡脱俗,1,0
超级,1,0
超绝,1,0
超群,1,0
超群绝伦,1,0
超俗,1,0
超俗绝世,1,0
超逸,1,0
超卓,1,0
朝气勃勃,1,0
朝气蓬勃,1,0
车水马龙,1,0
澈,1,0
沉寂,1,0
沉静,1,0
沉稳,1,0
沉毅,1,0
沉鱼落雁,1,0
沉着,1,0
称身,1,0
成,1,0
成器,1,0
成趣,1,0
成熟,1,0
澄,1,0
澄碧,1,0
澄澈,1,0
澄净,1,0
澄明,1,0
澄清,1,0
诚,1,0
诚恳,1,0
诚朴,1,0
诚实,1,0
诚心,1,0
诚心诚意,1,0
诚挚,1,0
诚笃,1,0
承平,1,0
吃得开,1,0
吃香,1,0
持平,1,0
持正不阿,1,0
持之有故,1,0
持重,1,0
驰名,1,0
驰誉,1,0
赤,1,0
赤忱,1,0
赤诚,1,0
赤胆,1,0
赤胆忠心,1,0
赤裸,1,0
赤裸裸,1,0
赤色,1,0
赤心,1,0
炽盛,1,0
崇高,1,0
初生牛犊般,1,0
出类拔萃,1,0
出色,1,0
出身高贵,1,0
出身名门,1,0
出神入化,1,0
出手不凡,1,0
出手大方,1,0
出以公心,1,0
出众,1,0
楚楚,1,0
楚楚动人,1,0
楚楚可怜,1,0
楚楚可人,1,0
传神,1,0
传统,1,0
窗明几净,1,0
创造性,1,0
春光明媚,1,0
春秋鼎盛,1,0
春秋正富,1,0
春色满园,1,0
春意融融,1,0
醇,1,0
醇和,1,0
醇厚,1,0
醇美,1,0
醇浓,1,0
醇朴,1,0
醇香,1,0
唇红齿白,1,0
淳,1,0
淳厚,1,0
淳美,1,0
淳朴,1,0
纯,1,0
纯粹,1,0
纯厚,1,0
纯洁,1,0
纯净,1,0
纯朴,1,0
纯熟,1,0
纯一,1,0
纯真,1,0
纯正,1,0
纯挚,1,0
纯种,1,0
绰约,1,0
绰约多姿,1,0
慈,1,0
慈悲,1,0
慈悲为怀,1,0
慈善,1,0
慈祥,1,0
瓷实,1,0
刺眼,0,1
聪慧,1,0
聪敏,1,0
聪明,1,0
聪明过人,1,0
聪明绝顶,1,0
聪明伶俐,1,0
聪悟,1,0
聪颖,1,0
葱葱,1,0
葱茂,1,0
葱郁,1,0
葱茏,1,0
从宽,1,0
从轻,1,0
从权,1,0
从实,1,0
从始至终,1,0
从头到底,1,0
从头到尾,1,0
从头至尾,1,0
从一而终,1,0
粗放,0,1
粗豪,1,0
粗实,1,0
粗中有细,1,0
粗壮,1,0
粗犷,0,1
簇新,1,0
催人奋进,1,0
脆,1,0
脆亮,1,0
脆美,1,0
脆生,1,0
脆响,1,0
粹,1,0
粹白,1,0
错落有致,1,0
达,1,0
达观,1,0
打心底里,1,0
打心眼儿里,1,0
打心眼里,1,0
打眼,1,0
大,0,1
大慈大悲,1,0
大大方方,1,0
大胆,1,0
大胆泼辣,1,0
大度,1,0
大而全,1,0
大方,1,0
大功率,1,0
大公无私,1,0
大好,1,0
大红大紫,1,0
大吉,1,0
大吉大利,1,0
大量,1,0
大名鼎鼎,1,0
大无畏,1,0
大有文章,1,0
大有希望,1,0
大有益处,1,0
大有作为,1,0
大有裨益,1,0
带劲,1,0
带修辞色彩,1,0
单纯,1,0
单刀直入,1,0
单一,1,0
胆大,1,0
淡泊,1,0
淡泊明志,1,0
淡泊名利,1,0
淡雅,1,0
弹性,1,0
当,1,0
当红,1,0
当面,1,0
当仁不让,1,0
当心,1,0
当众,1,0
到,1,0
到家,1,0
道不拾遗,1,0
道道地地,1,0
道地,1,0
得当,1,0
得法,1,0
得力,1,0
得势,1,0
得体,1,0
得天独厚,1,0
得心应手,1,0
得宜,1,0
灯火辉煌,1,0
灯火通明,1,0
登峰造极,1,0
等内,1,0
低调,1,0
低价,1,0
低价位,1,0
低廉,1,0
低首下心,1,0
滴水不漏,1,0
滴水穿石,1,0
地道,1,0
地地道道,1,0
地动山摇,1,0
地覆天翻,1,0
第一流,1,0
典型,1,0
典型性,1,0
典雅,1,0
调和,1,0
调谐,1,0
跌荡,1,0
跌宕,1,0
叠翠,1,0
秾,1,0
秾艳,1,0
丁是丁，卯是卯,1,0
顶刮刮,1,0
顶级,1,0
顶尖,1,0
顶事,1,0
顶数,1,0
顶天立地,1,0
顶用,1,0
顶呱呱,1,0
鼎鼎大名,1,0
定,1,0
懂礼,1,0
懂事,1,0
懂行,1,0
动平衡,1,0
动人,1,0
动人心魄,1,0
动人心弦,1,0
动态各异,1,0
动态平衡,1,0
动听,1,0
斗胆,1,0
豆腐心,1,0
逗,1,0
逗人,1,0
独出心裁,1,0
独到,1,0
独具慧眼,1,0
独具匠心,1,0
独具特色,1,0
独具只眼,1,0
度量大,1,0
端,1,0
端端正正,1,0
端方,1,0
端静,1,0
端丽,1,0
端平,1,0
端秀,1,0
端雅,1,0
端整,1,0
端正,1,0
端直,1,0
端重,1,0
端庄,1,0
短平快,1,0
短小精悍,1,0
断然,1,0
对,1,0
对称,1,0
对号,1,0
对劲儿,1,0
对头,1,0
对味儿,1,0
墩墩实实,1,0
敦,1,0
敦敦实实,1,0
敦厚,1,0
敦实,1,0
多才多艺,1,0
多彩,1,0
多快好省,1,0
多劳多得,1,0
多情,1,0
多情善感,1,0
多姿,1,0
多姿多采,1,0
夺目,1,0
扼要,1,0
恩爱,1,0
恩恩爱爱,1,0
耳聪目明,1,0
耳熟,1,0
耳熟能详,1,0
耳闻目睹,1,0
尔雅,1,0
二话不说,1,0
二话没说,1,0
发人深省,1,0
发人深思,1,0
发育完全,1,0
发自肺腑,1,0
发噱,1,0
法定,1,0
翻天覆地,1,0
繁花似锦,1,0
繁华,1,0
繁茂,1,0
繁荣富强,1,0
繁盛,1,0
芳,1,0
芳香,1,0
方便,1,0
方方正正,1,0
方正,1,0
放之四海而皆准,1,0
菲,0,1
菲菲,1,0
非常耐久,1,0
非常热心,1,0
非同小可,1,0
飞快,1,0
肥,1,0
肥美,1,0
肥沃,1,0
匪夷所思,1,0
芬芳,1,0
芬芳袭人,1,0
芬芳馥郁,1,0
芬香,1,0
分秒必争,1,0
分明,1,0
分文不取,1,0
分析纯,1,0
奋勇,1,0
丰,1,0
丰茂,1,0
丰美,1,0
丰饶,1,0
丰润,1,0
丰实,1,0
丰沃,1,0
丰裕,1,0
丰姿绰约,1,0
丰腴,1,0
锋快,1,0
锋利,1,0
风度翩翩,1,0
风发,1,0
风风光光,1,0
风风火火,0,1
风光,1,0
风光如画,1,0
风光旖旎,1,0
风华正茂,1,0
风景如画,1,0
风流,0,1
风流倜傥,1,0
风靡,1,0
风平浪静,1,0
风起云涌,1,0
风趣,1,0
风行,1,0
风雅,1,0
风雨无阻,1,0
风姿绰约,1,0
奉公守法,1,0
凤毛麟角,1,0
扶疏,1,0
服服帖帖,1,0
服帖,1,0
福如东海,1,0
负责,1,0
富,1,0
富贵,1,0
富甲一方,1,0
富可敌国,1,0
富丽,1,0
富丽堂皇,1,0
富饶,1,0
富实,1,0
富庶,1,0
富有,1,0
富有成果,1,0
富有成效,1,0
富有弹性,1,0
富裕,1,0
富足,1,0
妇孺皆知,1,0
盖了帽,1,0
盖帽,1,0
干脆,1,0
干脆利落,1,0
干干净净,1,0
干净,1,0
干净利落,1,0
干练,1,0
甘醇,1,0
甘美,1,0
甘美多汁,1,0
甘甜,1,0
甘味,1,0
甘之如饴,1,0
肝胆过人,1,0
感人,1,0
刚,1,0
刚刚,1,0
刚好,1,0
刚健,1,0
刚劲,1,0
刚劲有力,1,0
刚强,1,0
刚毅,1,0
刚硬,1,0
刚正,1,0
刚正不阿,1,0
刚直,1,0
刚直不阿,1,0
钢铁,1,0
纲领性,1,0
高,1,0
高标号,1,0
高标准,1,0
高层,1,0
高超,1,0
高纯,1,0
高大,1,0
高档,1,0
高档化,1,0
高等,1,0
高等级,1,0
高端,1,0
高风峻节,1,0
高风亮节,1,0
高高手儿,1,0
高贵,1,0
高级,1,0
高级化,1,0
高洁,1,0
高精度,1,0
高精尖,1,0
高妙,1,0
高明,1,0
高强,1,0
高强度,1,0
高人一等,1,0
高山流水,1,0
高尚,1,0
高深,1,0
高深莫测,1,0
高屋建瓴,1,0
高效,1,0
高效能,1,0
高效益,1,0
高新,1,0
高性能,1,0
高雅,1,0
高雅简朴,1,0
高瞻远瞩,1,0
高质量,1,0
高姿态,1,0
膏腴,1,0
革命,1,0
革命性,1,0
个性鲜明,1,0
各得其所,1,0
根本,1,0
根深蒂固,1,0
根深柢固,1,0
跟脚,1,0
更优越,1,0
耿,1,0
耿耿,1,0
耿介,1,0
耿介不阿,1,0
耿直,1,0
梗直,1,0
工工整整,1,0
工巧,1,0
工稳,1,0
工细,1,0
工整,1,0
工致,1,0
功不可没,1,0
功德无量,1,0
恭,1,0
恭恭敬敬,1,0
恭谨,1,0
恭顺,1,0
公,1,0
公道,1,0
公而忘私,1,0
公开,1,0
公平,1,0
公平正直,1,0
公然,1,0
公允,1,0
公正,1,0
公正客观,1,0
巩固,1,0
勾魂,1,0
勾魂摄魄,1,0
够格,1,0
够水平,1,0
够味儿,1,0
够意思,1,0
鼓舞人心,1,0
古道热肠,1,0
古朴,1,0
古色古香,1,0
古香古色,1,0
骨鲠,1,0
固,1,0
固定,1,0
固若金汤,1,0
乖,1,0
乖觉,1,0
乖巧,1,0
关键,1,0
关键性,1,0
管教好,1,0
管事,1,0
管事儿,1,0
管用,1,0
光,1,0
光彩,1,0
光彩夺目,1,0
光彩照人,1,0
光彩炫目,1,0
光灿,1,0
光灿灿,1,0
光风霁月,1,0
光滑,1,0
光滑滑,1,0
光辉,1,0
光辉灿烂,1,0
光洁,1,0
光可鉴人,1,0
光亮,1,0
光亮亮,1,0
光溜,1,0
光溜溜,1,0
光芒万丈,1,0
光明,1,0
光明磊落,1,0
光明正大,1,0
光荣,1,0
光润,1,0
光闪闪,1,0
光鲜,1,0
光艳,1,0
光耀,1,0
广远,1,0
瑰,1,0
瑰丽,1,0
瑰伟,1,0
瑰玮,1,0
规范,1,0
鬼,0,1
鬼斧神工,1,0
贵,0,1
贵重,1,0
滚瓜烂熟,1,0
国色天香,1,0
国泰民安,1,0
国优,1,0
果,1,0
果断,1,0
果敢,1,0
果决,1,0
过得硬,1,0
过谦,1,0
过细,1,0
过硬,1,0
海枯石烂,1,0
憨,0,1
憨厚,1,0
憨实,1,0
憨直,1,0
含情,1,0
含情脉脉,1,0
含蓄,0,1
含义明确,1,0
涵蓄,0,1
悍,0,1
豪,0,1
豪放,1,0
豪放不羁,1,0
豪华,1,0
豪华型,1,0
豪迈,1,0
豪爽,1,0
豪壮,1,0
豪宕,1,0
毫不动摇,1,0
毫不费力,1,0
毫不利己,1,0
毫不畏惧,1,0
毫不犹豫,1,0
毫发不差,1,0
毫发不爽,1,0
毫发无损,1,0
毫厘不差,1,0
毫厘不爽,1,0
毫无保留地,1,0
毫无错误,1,0
毫无问题,1,0
毫无疑义,1,0
好办,1,0
好吃,1,0
好端端,1,0
好过,1,0
好好,1,0
好看,1,0
好客,1,0
好上加好,1,0
好声好气,1,0
好生生,1,0
好使,1,0
好受,1,0
好说话,1,0
好说话儿,1,0
好听,1,0
好玩,1,0
好玩儿,1,0
好笑,1,0
好心,1,0
好心肠,1,0
好心好意,1,0
好用,1,0
浩,1,0
浩大,1,0
浩荡,1,0
浩然,1,0
核心,1,0
和,1,0
和蔼,1,0
和蔼可亲,1,0
和畅,1,0
和风细雨,1,0
和和睦睦,1,0
和和气气,1,0
和缓,1,0
和睦,1,0
和平,1,0
和气,1,0
和洽,1,0
和软,1,0
和善,1,0
和声,1,0
和顺,1,0
和婉,1,0
和祥,1,0
和谐,1,0
和颜悦色,1,0
和易,1,0
和悦,1,0
合当,1,0
合度,1,0
合法,1,0
合格,1,0
合乎逻辑,1,0
合口,1,0
合口味,1,0
合理,1,0
合拍,1,0
合情合理,1,0
合情理,1,0
合群,1,0
合时,1,0
合适,1,0
合胃口,1,0
合宜,1,0
赫,1,0
赫赫,1,0
赫赫有名,1,0
赫然,1,0
鹤发童颜,1,0
鹤立鸡群,1,0
黑白分明,1,0
很有抱负,1,0
很有意义,1,0
狠,0,1
狠狠,1,0
恒,1,0
恒定,1,0
恒量,1,0
哄闹,1,0
鸿,1,0
洪,1,0
宏,1,0
宏大,1,0
宏富,1,0
宏丽,1,0
宏赡,1,0
宏伟,1,0
弘,1,0
弘大,1,0
红,1,0
红得发紫,1,0
红红火火,1,0
红火,1,0
红旗,1,0
红色,1,0
猴儿精,1,0
厚,1,0
厚道,1,0
后生可畏,1,0
呼之欲出,1,0
虎背熊腰,1,0
虎虎生气,1,0
花,0,1
花繁叶茂,1,0
花好月圆,1,0
花气袭人,1,0
花容玉貌,1,0
花容月貌,1,0
花哨,1,0
花团锦簇,1,0
花香鸟语,1,0
花样翻新,1,0
花枝招展,1,0
华,0,1
华贵,1,0
华丽,1,0
华美,1,0
滑,0,1
滑不唧溜,1,0
滑稽,1,0
滑溜,1,0
滑溜溜,1,0
滑腻,1,0
滑润,1,0
滑爽,1,0
滑天下之大稽,1,0
划时代,1,0
划一,1,0
划一不二,1,0
欢蹦乱跳,1,0
欢洽,1,0
欢实,1,0
焕,1,0
黄熟,1,0
煌,1,0
煌煌,1,0
晃眼,1,0
辉煌,1,0
回味无穷,1,0
慧,1,0
慧眼独具,1,0
会,1,0
绘声绘色,1,0
绘声绘影,1,0
绘影绘声,1,0
婚生,1,0
浑厚,1,0
浑金璞玉,1,0
浑朴,1,0
浑然,1,0
浑然一体,1,0
浑身是胆,1,0
浑俗和光,1,0
豁,1,0
豁达,1,0
豁达大度,1,0
豁亮,1,0
豁然,1,0
活,1,0
活便,1,0
活泛,1,0
活灵活现,1,0
活络,1,0
活泼,1,0
活生生,1,0
活跃,1,0
火,0,1
火暴,0,1
火爆,0,1
货真价实,1,0
基,1,0
基本,1,0
基部,1,0
基础,1,0
基础性,1,0
基础扎实,1,0
机动,1,0
机警,1,0
机灵,1,0
机敏,1,0
机巧,1,0
机智,1,0
积极,1,0
激动人心,1,0
激进,1,0
鸡犬不惊,1,0
吉,1,0
吉利,1,0
吉庆,1,0
吉祥,1,0
吉祥如意,1,0
吉星高照,1,0
极好,1,0
极其流行,1,0
极神圣,1,0
及格,1,0
急公好义,1,0
急进,1,0
技高一筹,1,0
济,1,0
济事,1,0
寂,0,1
寂静,1,0
寂然,1,0
记实,1,0
既定,1,0
既往不咎,1,0
佳,1,0
佳丽,1,0
家给人足,1,0
家喻户晓,1,0
加意,1,0
甲等,1,0
甲级,1,0
价值连城,1,0
价值千金,1,0
驾轻就熟,1,0
坚,1,0
坚不可摧,1,0
坚持不懈,1,0
坚持不渝,1,0
坚定,1,0
坚定不移,1,0
坚固,1,0
坚固耐用,1,0
坚决,1,0
坚强,1,0
坚强不屈,1,0
坚忍,1,0
坚忍不拔,1,0
坚韧,1,0
坚韧不拔,1,0
坚如磐石,1,0
坚实,1,0
坚挺,1,0
坚毅,1,0
坚贞,1,0
坚贞不屈,1,0
坚贞不渝,1,0
尖,1,0
尖端,1,0
尖利,1,0
尖锐,1,0
简,1,0
简便,1,0
简便易行,1,0
简单,0,1
简单化,1,0
简单明了,1,0
简单易行,1,0
简短,1,0
简洁,1,0
简括,1,0
简练,1,0
简略,1,0
简明,1,0
简明扼要,1,0
简朴,1,0
简要,1,0
简易,1,0
简约,1,0
俭,1,0
俭朴,1,0
俭省,1,0
贱,0,1
贱价,1,0
见多识广,1,0
见机,1,0
见所未见,1,0
见微知萌,1,0
见微知著,1,0
健,1,0
健步,1,0
健康,1,0
健康美,1,0
健朗,1,0
健美,1,0
健全,1,0
健实,1,0
健硕,1,0
健旺,1,0
健壮,1,0
建设性,1,0
奖罚分明,1,0
讲理,1,0
讲礼貌,1,0
匠心独具,1,0
娇,0,1
娇滴滴,1,0
娇好,1,0
娇丽,1,0
娇美,1,0
娇媚,1,0
娇柔,1,0
娇艳,1,0
娇娆,1,0
矫健,1,0
矫捷,1,0
脚踏实地,1,0
较真,1,0
较真儿,1,0
叫真,1,0
叫真儿,1,0
节俭,1,0
节节,1,0
节省,1,0
节约,1,0
杰,1,0
杰出,1,0
捷,1,0
竭诚,1,0
洁,1,0
洁净,1,0
结结实实,1,0
结实,1,0
结实粗壮,1,0
筋道,1,0
金碧辉煌,1,0
金壁辉煌,1,0
金不换,1,0
金灿灿,1,0
金城汤池,1,0
金风送爽,1,0
金贵,1,0
金晃晃,1,0
金闪闪,1,0
金玉,1,0
金玉满堂,1,0
紧凑,1,0
紧紧,1,0
紧要,1,0
锦,1,0
锦簇花团,1,0
锦绣,1,0
谨,1,0
谨慎,1,0
谨严,1,0
谨言慎行,1,0
谨饬,1,0
进步,1,0
近便,1,0
尽可能,1,0
尽人皆知,1,0
尽如人意,1,0
尽善尽美,1,0
尽心,1,0
尽心竭力,1,0
尽心尽力,1,0
劲,1,0
兢兢业业,1,0
晶,1,0
晶莹,1,0
晶莹剔透,1,0
精,1,0
精辟,1,0
精采,1,0
精彩,1,0
精彩纷呈,1,0
精诚,1,0
精粹,1,0
精打细算,1,0
精当,1,0
精到,1,0
精雕细刻,1,0
精干,1,0
精光,1,0
精悍,1,0
精精神神,1,0
精力充沛,1,0
精练,1,0
精良,1,0
精灵,1,0
精美,1,0
精密,1,0
精妙,1,0
精明,1,0
精明强干,1,0
精巧,1,0
精确,1,0
精深,1,0
精神,1,0
精神百倍,1,0
精神饱满,1,0
精神抖擞,1,0
精神焕发,1,0
精神十足,1,0
精神矍铄,1,0
精卫填海,1,0
精细,1,0
精心,1,0
精选,1,0
精湛,1,0
精致,1,0
精制,1,0
精壮,1,0
精准,1,0
经,1,0
经常性,1,0
经济,1,0
经济宽裕,1,0
经久耐用,1,0
经心,1,0
经验丰富,1,0
经意,1,0
经用,1,0
井井有条,1,0
井然,1,0
井然有序,1,0
警,1,0
景气,1,0
景色优美,1,0
静,1,0
静寂,1,0
静穆,1,0
静悄,1,0
静悄悄,1,0
静态,1,0
静幽幽,1,0
静谧,1,0
靖,1,0
净,1,0
炯,1,0
炯炯,1,0
炯炯有神,1,0
究其实,1,0
久经考验,1,0
拘谨,1,0
居高临下,1,0
举止大方,1,0
举止端庄,1,0
举止文雅,1,0
举足轻重,1,0
据实,1,0
具有历史意义,1,0
具有吸引力,1,0
具有压倒性优势,1,0
俱佳,1,0
娟,1,0
娟娟,1,0
娟秀,1,0
决定,1,0
决定性,1,0
决绝,1,0
决然,1,0
绝好,1,0
绝佳,1,0
绝了,1,0
绝妙,1,0
绝色,1,0
均,1,0
均等,1,0
均衡,1,0
均一,1,0
均匀,1,0
钧,1,0
俊,1,0
俊丽,1,0
俊美,1,0
俊俏,1,0
俊秀,1,0
开诚布公,1,0
开阔,1,0
开朗,1,0
开门见山,1,0
开明,1,0
开通,1,0
开拓型,1,0
慨,1,0
慨然,1,0
堪称第一,1,0
堪称一绝,1,0
康,1,0
康健,1,0
康乐,1,0
康泰,1,0
慷慨,1,0
靠得住,1,0
科学,1,0
可,1,0
可爱,1,0
可歌可泣,1,0
可观,1,0
可贵,1,0
可嘉,1,0
可敬,1,0
可靠,1,0
可口,1,0
可乐,1,0
可能,1,0
可亲,1,0
可圈可点,1,0
可塑,1,0
可统一,1,0
可喜,1,0
可笑,1,0
可心,1,0
可信,1,0
可信赖,1,0
可信任,1,0
可以信赖,1,0
可意,1,0
刻苦,1,0
刻意,1,0
客观,1,0
客观上,1,0
客气,1,0
肯干,1,0
恳,1,0
恳切,1,0
恳挚,1,0
空灵,1,0
空前,1,0
空前绝后,1,0
口紧,1,0
扣人心弦,1,0
苦,0,1
苦口婆心,1,0
苦苦,0,1
苦心,1,0
苦心孤诣,1,0
酷,0,1
快刀斩乱麻,1,0
快捷,1,0
快人快语,1,0
宽,1,0
宽大,1,0
宽洪,1,0
宽宏,1,0
宽宏大量,1,0
宽厚,1,0
宽怀,1,0
宽容,1,0
款洽,1,0
匡,1,0
狂放,1,0
狂乱,1,0
狂热,1,0
旷达,1,0
阔,1,0
来得,1,0
来劲,1,0
来者不拒,1,0
烂漫,1,0
烂熟,1,0
朗,1,0
劳苦功高,1,0
牢,1,0
牢固,1,0
牢靠,1,0
牢牢,1,0
牢稳,1,0
老成,1,0
老成练达,1,0
老诚,1,0
老当益壮,1,0
老到,1,0
老而弥坚,1,0
老辣,0,1
老老实实,1,0
老练,1,0
老马识途,1,0
老谋深算,1,0
老牌,1,0
老实,0,1
老于世故,1,0
乐观,1,0
乐融融,1,0
乐善好施,1,0
乐天,1,0
雷打不动,1,0
磊落,1,0
理所当然,1,0
理想,1,0
理想化,1,0
理性,1,0
理智,1,0
礼节性,1,0
礼貌,1,0
礼貌性,1,0
丽,1,0
历历,1,0
历历可数,1,0
历史性,1,0
利,1,0
利齿,1,0
利害攸关,1,0
利口,1,0
利落,1,0
利索,1,0
利他,1,0
利嘴,1,0
力透纸背,1,0
廉,1,0
廉价,1,0
廉洁,1,0
廉洁奉公,1,0
廉明,1,0
练达,1,0
良,1,0
良好,1,0
良善,1,0
良性,1,0
两袖清风,1,0
亮,1,0
亮光光,1,0
亮晃晃,1,0
亮晶晶,1,0
亮丽,1,0
亮亮堂堂,1,0
亮闪闪,1,0
亮堂,1,0
亮堂堂,1,0
亮锃锃,1,0
了当,1,0
了然,1,0
料事如神,1,0
烈,0,1
琳琅满目,1,0
淋漓,1,0
淋漓尽致,1,0
玲珑,1,0
玲珑剔透,1,0
伶俐,1,0
灵,1,0
灵便,1,0
灵光,1,0
灵活,1,0
灵活机动,1,0
灵捷,1,0
灵快,1,0
灵敏,1,0
灵巧,1,0
灵透,1,0
灵秀,1,0
灵验,1,0
令人大开眼界,1,0
令人高兴,1,0
令人鼓舞,1,0
令人满意,1,0
令人钦佩,1,0
令人神往,1,0
令人羡慕,1,0
令人信服,1,0
令人瞩目,1,0
溜,1,0
溜光,1,0
溜光水滑,1,0
溜滑,1,0
流畅,1,0
流芳百世,1,0
流芳后世,1,0
流芳千古,1,0
流利,1,0
流行,1,0
龙飞凤舞,1,0
龙腾虎跃,1,0
隆,1,0
隆重,1,0
陋,0,1
炉火纯青,1,0
露骨,1,0
路不拾遗,1,0
路人皆知,1,0
履险如夷,1,0
率,0,1
率真,1,0
率直,1,0
绿色,1,0
略,1,0
锣鼓喧天,1,0
落落大方,1,0
落拓不羁,1,0
麻利,1,0
麻麻亮,1,0
脉脉,1,0
脉脉含情,1,0
满口,1,0
满腔热忱,1,0
满腔热情,1,0
满腔热血,1,0
满园春色,1,0
曼,1,0
曼妙,1,0
慢条斯理,1,0
莽莽,1,0
茂,1,0
茂密,1,0
茂盛,1,0
冒尖,1,0
没错儿,1,0
没的说,1,0
没分开,1,0
没弄脏,1,0
没说的,1,0
没有搀杂,1,0
没有负担,1,0
没有说的,1,0
没有拖累,1,0
没有阻碍,1,0
眉清目秀,1,0
美不胜收,1,0
美观,1,0
美丽,1,0
美轮美奂,1,0
美满,1,0
美貌,1,0
美妙,1,0
美味,1,0
美味可口,1,0
媚人,1,0
迷人,1,0
弥足珍贵,1,0
蜜,1,0
密,0,1
密切,1,0
绵和,1,0
绵密,1,0
绵甜,1,0
免费,1,0
免票,1,0
面善,1,0
面熟,1,0
妙,1,0
妙不可言,1,0
妙趣横生,1,0
民主,1,0
敏,1,0
敏慧,1,0
敏捷,1,0
敏锐,1,0
敏悟,1,0
明,1,0
明白,1,0
明白了当,1,0
明白无误,1,0
明摆着,1,0
明灿灿,1,0
明畅,1,0
明澈,1,0
明处,1,0
明窗净几,1,0
明达,1,0
明晃晃,1,0
明慧,1,0
明火执仗,1,0
明净,1,0
明快,1,0
明快生动,1,0
明朗,1,0
明朗朗,1,0
明理,1,0
明丽,1,0
明亮,1,0
明亮亮,1,0
明了,1,0
明码,1,0
明媚,1,0
明面,1,0
明面上,1,0
明明,1,0
明明白白,1,0
明目张胆,1,0
明确,1,0
明人不做暗事,1,0
明文,1,0
明晰,1,0
明细,1,0
明显,1,0
明艳,1,0
明智,1,0
明睿,1,0
名,1,0
名不虚传,1,0
名垂千古,1,0
名垂青史,1,0
名副其实,1,0
名贵,1,0
名牌,1,0
名声大,1,0
名声大振,1,0
名实相符,1,0
名特优,1,0
名特优新,1,0
名誉,1,0
名正言顺,1,0
摩登,1,0
莫测高深,1,0
目光炯炯,1,0
目光如炬,1,0
目光远大,1,0
目光灼灼,1,0
目无全牛,1,0
睦,1,0
穆,1,0
拿手,1,0
耐穿,1,0
耐久,1,0
耐人寻味,1,0
耐用,1,0
难能可贵,1,0
内敛,1,0
内向,1,0
内向型,1,0
内行,1,0
内秀,1,0
能,1,0
能动,1,0
能干,1,0
腻,0,1
蔫不出溜,1,0
蔫不溜,1,0
蔫不悄儿,1,0
蔫不声,1,0
蔫不唧儿,0,1
年富力强,1,0
年高德劭,1,0
鸟语花香,1,0
凝,1,0
凝神,1,0
凝重,1,0
宁,1,0
宁静,1,0
浓丽,1,0
浓香,1,0
浓艳,1,0
怕事,1,0
排场,1,0
排列有序,1,0
排列整齐,1,0
判断正确,1,0
配得上,1,0
喷喷香,1,0
喷香,1,0
蓬勃,1,0
蓬勃向上,1,0
蓬蓬勃勃,1,0
蓬茸,1,0
披肝沥胆,1,0
披沥,1,0
芃芃,1,0
皮实,1,0
偏,0,1
偏偏,1,0
偏要,1,0
飘洒,1,0
飘逸,1,0
漂亮,1,0
品学兼优,1,0
平,1,0
平安,1,0
平安无事,1,0
平板,1,0
平等,1,0
平等地,1,0
平等互利,1,0
平和,1,0
平衡,1,0
平滑,1,0
平缓,1,0
平静,1,0
平平安安,1,0
平平静静,1,0
平实,1,0
平坦,1,0
平稳,1,0
平心静气,1,0
平易,1,0
平易近人,1,0
平允,1,0
平展,1,0
平整,1,0
评价颇高,1,0
屏气凝神,1,0
屏声息气,1,0
屏息静气,1,0
泼悍,1,0
泼辣,0,1
颇为重要,1,0
破釜沉舟,1,0
朴,1,0
朴厚,1,0
朴茂,1,0
朴实,1,0
朴实无华,1,0
朴素,1,0
朴直,1,0
朴质,1,0
朴拙,1,0
其乐融融,1,0
其乐无穷,1,0
其实,1,0
奇货可居,1,0
奇妙,1,0
奇巧,1,0
齐,1,0
齐备,1,0
齐楚,1,0
齐全,1,0
齐刷刷,1,0
齐整,1,0
旗帜鲜明,1,0
起眼儿,1,0
器宇不凡,1,0
器宇轩昂,1,0
气冲霄汉,1,0
气度不凡,1,0
气度恢宏,1,0
气概不凡,1,0
气贯长虹,1,0
气派,1,0
气魄,1,0
气吞山河,1,0
气象万千,1,0
气宇轩昂,1,0
恰,1,0
恰当,1,0
恰到好处,1,0
恰如其分,1,0
千方百计,1,0
千娇百媚,1,0
千依百顺,1,0
千真万确,1,0
千姿百态,1,0
谦,1,0
谦卑,1,0
谦诚,1,0
谦恭,1,0
谦和,1,0
谦顺,1,0
谦虚,1,0
谦虚谨慎,1,0
谦逊,1,0
前程似锦,1,0
前程万里,1,0
前所未见,1,0
前所未闻,1,0
前所未有,1,0
前卫,1,0
前无古人,1,0
潜心,1,0
浅,0,1
浅近,1,0
浅显,1,0
浅易,1,0
强,0,1
强大,1,0
强固,1,0
强悍,1,0
强健,1,0
强势,1,0
强硬,1,0
强有力,1,0
强壮,1,0
强壮有力,1,0
抢眼,1,0
悄,1,0
悄没声,1,0
悄悄,1,0
悄然,1,0
悄声,1,0
巧,0,1
巧夺天工,1,0
巧妙,1,0
俏,1,0
俏丽,1,0
俏美,1,0
俏皮,1,0
切身,1,0
切题,1,0
亲切,1,0
亲切友好,1,0
亲善,1,0
亲昵,1,0
勤,1,0
勤奋,1,0
勤恳,1,0
勤快,1,0
勤劳,1,0
勤勉,1,0
勤勤恳恳,1,0
沁人心脾,1,0
沁入肺腑,1,0
轻,0,1
轻薄透明,1,0
轻车熟路,1,0
轻而易举,1,0
轻健,1,0
轻捷,1,0
轻灵,1,0
轻悄悄,1,0
轻巧,1,0
轻轻,1,0
轻轻地,1,0
轻轻松松,1,0
轻柔,1,0
轻手轻脚,1,0
轻松,1,0
轻易,0,1
轻盈,1,0
轻悠悠,1,0
倾国倾城,1,0
倾情,1,0
清,1,0
清白,1,0
清彻,1,0
清澈,1,0
清澈见底,1,0
清楚,1,0
清醇,1,0
清纯,1,0
清脆,1,0
清淡,0,1
清洁,1,0
清洁卫生,1,0
清静,1,0
清净,1,0
清口,1,0
清朗,1,0
清丽,1,0
清廉,1,0
清亮,1,0
清亮亮,1,0
清凌凌,1,0
清明,1,0
清平,1,0
清切,1,0
清通,1,0
清婉,1,0
清晰,1,0
清晰可辨,1,0
清晰明了,1,0
清香,1,0
清新,1,0
清新淡雅,1,0
清醒,1,0
清秀,1,0
清雅,1,0
清一色,1,0
清幽,1,0
清幽幽,1,0
清越,1,0
清湛,1,0
清真,1,0
清正,1,0
清馨,1,0
情文并茂,1,0
情意恳挚,1,0
情真意切,1,0
秋毫无犯,1,0
求实,1,0
求真务实,1,0
求之不得,1,0
曲线美,1,0
趣,1,0
趣味盎然,1,0
权变,1,0
权威性,1,0
权宜,1,0
全,1,0
全能,1,0
全身心,1,0
全神贯注,1,0
全始全终,1,0
全新,1,0
全心全意,1,0
全知全能,1,0
拳拳,1,0
确,1,0
确当,1,0
确定,1,0
确定不移,1,0
确定性,1,0
确切,1,0
确切无疑,1,0
确确实实,1,0
确实,1,0
确实可靠,1,0
确有其事,1,0
确凿,1,0
确凿无疑,1,0
群威群胆,1,0
群言堂,1,0
饶,0,1
饶富,1,0
饶爽,1,0
饶沃,1,0
饶有风趣,1,0
饶有兴味,1,0
饶有兴致,1,0
饶有余韵,1,0
扰攘,1,0
绕圈子,1,0
热,1,0
热诚,1,0
热点,1,0
热和,1,0
热乎,1,0
热火,1,0
热火朝天,1,0
热烈,1,0
热门,1,0
热闹,1,0
热切,1,0
热情,1,0
热情洋溢,1,0
热热闹闹,1,0
热心肠,1,0
热血,1,0
仁,1,0
仁爱,1,0
仁慈,1,0
仁厚,1,0
仁义,1,0
仁至义尽,1,0
人道,1,0
人给家足,1,0
人和,1,0
人欢马叫,1,0
人来人往,1,0
人山人海,1,0
人寿年丰,1,0
韧,1,0
任劳任怨,1,0
任性,1,0
任意,1,0
认认真真,1,0
认真,1,0
荣,1,0
荣幸,1,0
融和,1,0
融洽,1,0
容人,1,0
容易,1,0
柔,1,0
柔和,1,0
柔滑,1,0
柔曼,1,0
柔美,1,0
柔媚,1,0
柔韧,1,0
柔顺,1,0
柔婉,1,0
柔中有刚,1,0
肉墩墩,1,0
儒雅,1,0
如初,1,0
如故,1,0
如虎添翼,1,0
如花似锦,1,0
如花似玉,1,0
如旧,1,0
如雷贯耳,1,0
如期,1,0
如实,1,0
如数家珍,1,0
如饮醍醐,1,0
如鱼得水,1,0
入耳,1,0
入画,1,0
入理,1,0
入木三分,1,0
入情入理,1,0
入时,1,0
入微,1,0
入味,1,0
入眼,1,0
软,0,1
软心肠,1,0
瑞,1,0
锐,1,0
锐利,1,0
锐敏,1,0
锐意,1,0
润,1,0
洒脱,1,0
三思而后行,1,0
三思而行,1,0
三下五除二,1,0
嗓子好,1,0
森然,1,0
森森,1,0
山明水秀,1,0
山清水秀,1,0
山摇地动,1,0
闪亮,1,0
闪闪,1,0
擅场,1,0
善,1,0
善交际,1,0
善良,1,0
善始善终,1,0
善意,1,0
赏罚分明,1,0
赏罚严明,1,0
赏心悦目,1,0
上,1,0
上乘,1,0
上等,1,0
上赶,1,0
上赶着,1,0
上好,1,0
上劲,1,0
上镜,1,0
上流,1,0
上品,1,0
上色,1,0
上上,1,0
上相,1,0
上照,1,0
捎带,1,0
韶,1,0
韶秀,1,0
少不得,1,0
少不了,1,0
设备齐全,1,0
伸缩,1,0
身强力壮,1,0
身强体壮,1,0
身手不凡,1,0
身体结实,1,0
身心健康,1,0
深,1,0
深奥,1,0
深藏若虚,1,0
深长,1,0
深沉,1,0
深刻,1,0
深切,1,0
深入浅出,1,0
深入人心,1,0
深透,1,0
深远,1,0
深湛,1,0
深挚,1,0
深邃,1,0
神,1,0
神奥,1,0
神采飞扬,1,0
神采焕发,1,0
神采奕奕,1,0
神工鬼斧,1,0
神妙,1,0
神气,1,0
神圣,1,0
神圣不可侵犯,1,0
神通广大,1,0
神勇,1,0
审慎,1,0
慎,1,0
慎重,1,0
声名大噪,1,0
声名大振,1,0
声情并茂,1,0
声势浩大,1,0
生长完全,1,0
生动,1,0
生动活泼,1,0
生花妙笔,1,0
生机盎然,1,0
生机勃勃,1,0
生龙活虎,1,0
生猛,1,0
生气勃勃,1,0
生杀予夺,1,0
生死,1,0
生死不渝,1,0
生死攸关,1,0
生意盎然,1,0
升平,1,0
省俭,1,0
省力,1,0
省时,1,0
省事,1,0
省心,1,0
盛,1,0
盛大,1,0
胜,1,0
圣,1,0
圣洁,1,0
圣礼,1,0
圣明,1,0
十分重要,1,0
十拿九稳,1,0
十全,1,0
十全十美,1,0
十足,1,0
石破天惊,1,0
拾金不昧,1,0
时尚,1,0
时新,1,0
时兴,1,0
时髦,1,0
实,1,0
实诚,1,0
实打实,1,0
实惠,1,0
实际,1,0
实际上,1,0
实施得力,1,0
实实惠惠,1,0
实实在在,1,0
实事求是,1,0
实心,1,0
实心实意,1,0
实心眼儿,1,0
实意,1,0
实用,1,0
实在,1,0
实则,1,0
实至名归,1,0
实质上,1,0
实质性,1,0
识趣,1,0
史诗般,1,0
史无前例,1,0
使人愉快,1,0
使用方便,1,0
始终不懈,1,0
始终不渝,1,0
始终如一,1,0
世界级,1,0
事关重大,1,0
事实上,1,0
事实胜于雄辩,1,0
是,1,0
是的,1,0
适,1,0
适当,1,0
适度,1,0
适逢其会,1,0
适口,1,0
适宜,1,0
适意,1,0
适用,1,0
手不释卷,1,0
手脚麻利,1,0
手快,1,0
手巧,1,0
手勤,1,0
手软,1,0
手松,1,0
首屈一指,1,0
首要,1,0
守法,1,0
守时,1,0
守时间,1,0
受吃,1,0
受过良好训练,1,0
受看,1,0
受听,1,0
殊,1,0
舒,1,0
舒缓,1,0
舒快,1,0
舒适,1,0
舒舒服服,1,0
舒爽,1,0
舒松,1,0
舒心,1,0
淑,1,0
熟,1,0
熟练,1,0
熟巧,1,0
熟识,1,0
熟透,1,0
熟悉,1,0
属实,1,0
树叶茂盛,1,0
数得上,1,0
数得着,1,0
数一数二,1,0
帅,1,0
双料,1,0
双稳态,1,0
爽口,1,0
爽朗,1,0
爽利,1,0
爽目,1,0
爽气,1,0
爽心悦目,1,0
爽直,1,0
水滴石穿,1,0
水灵,1,0
水灵灵,1,0
水乳交融,1,0
水汪汪,1,0
水莹莹,1,0
水涔涔,1,0
顺,1,0
顺畅,1,0
顺当,1,0
顺耳,1,0
顺口,1,0
顺理成章,1,0
顺利,1,0
顺势,1,0
顺手,1,0
顺顺当当,1,0
顺眼,1,0
说白了,1,0
说得通,1,0
说一不二,1,0
硕学,1,0
烁,1,0
烁亮,1,0
斯斯文文,1,0
斯文,1,0
思路清晰,1,0
丝毫不差,1,0
死得其所,1,0
死活,1,0
死静,1,0
四平八稳,1,0
似曾相识,1,0
松,1,0
松动,1,0
松快,1,0
素洁,1,0
素朴,1,0
素雅,1,0
速效,1,0
肃静,1,0
肃穆,1,0
肃然,1,0
随便,0,1
随和,1,0
随手,1,0
随宜,1,0
随遇而安,1,0
绥,1,0
缩手缩脚,1,0
塌实,1,0
踏实,1,0
踏踏实实,1,0
台面上,1,0
泰,1,0
泰然处之,1,0
泰然自若,1,0
太平,1,0
太太平平,1,0
谈吐不俗,1,0
谈言微中,1,0
坦,1,0
坦白,1,0
坦诚,1,0
坦诚相待,1,0
坦诚相见,1,0
坦荡,1,0
坦荡荡,1,0
坦率,1,0
坦率直言,1,0
坦实,1,0
坦坦荡荡,1,0
坦直,1,0
探囊取物,1,0
堂而皇之,1,0
堂皇,1,0
堂堂,1,0
堂堂正正,1,0
糖味,1,0
掏心,1,0
陶,1,0
特出,1,0
特等,1,0
特惠,1,0
特级,1,0
特异,1,0
剔透,1,0
体面,1,0
体态轻盈,1,0
体系化,1,0
惕,1,0
天才,1,0
天赐,1,0
天从人愿,1,0
天翻地覆,1,0
天公地道,1,0
天经地义,1,0
天随人愿,1,0
天遂人愿,1,0
天下为公,1,0
天香国色,1,0
天摇地动,1,0
天衣无缝,1,0
天造地设,1,0
天真,0,1
天真烂漫,1,0
天真无邪,1,0
天姿国色,1,0
天字第一号,1,0
甜,1,0
甜点,1,0
甜美,1,0
甜蜜,1,0
甜蜜蜜,1,0
恬,1,0
恬静,1,0
恬适,1,0
挑战性,1,0
贴边儿,1,0
贴切,1,0
贴题,1,0
铁,1,0
铁案如山,1,0
铁打,1,0
铁定,1,0
铁骨铮铮,1,0
铁面无私,1,0
铁心,1,0
铁杵磨成针,1,0
铁铮铮,1,0
停妥,1,0
亭亭玉立,1,0
亭匀,1,0
挺括,1,0
挺秀,1,0
通,1,0
通畅,1,0
通达,1,0
通亮,1,0
通明,1,0
通明透亮,1,0
通情达理,1,0
通权达变,1,0
通顺,1,0
通俗,1,0
通俗易懂,1,0
通天,1,0
通透,1,0
同等重要,1,0
同情,0,1
童颜鹤发,1,0
统一,1,0
痛快,1,0
痛痛快快,1,0
投机,0,1
投入,1,0
投缘,1,0
头,1,0
头等,1,0
头号,1,0
头面,1,0
头脑清醒,1,0
头头是道,1,0
透辟,1,0
透彻,1,0
透亮,1,0
透明,1,0
突出,1,0
突破性,1,0
团结,1,0
脱俗,1,0
妥,1,0
妥当,1,0
妥切,1,0
妥善,1,0
妥贴,1,0
瓦亮,1,0
外向,1,0
顽强,1,0
顽石点头,1,0
完,1,0
完备,1,0
完好,1,0
完好如初,1,0
完好如新,1,0
完好无损,1,0
完美,1,0
完美无疵,1,0
完美无缺,1,0
完美无瑕,1,0
完全,1,0
完善,1,0
完整,1,0
宛转,1,0
婉,1,0
婉丽,1,0
婉娩,1,0
婉顺,1,0
婉言,1,0
婉约,1,0
婉转,1,0
万变不离其宗,1,0
万不得已,1,0
万夫不当,1,0
万夫莫当,1,0
万古长青,1,0
万马奔腾,1,0
万全,1,0
万人空巷,1,0
万无一失,1,0
万众瞩目,1,0
万籁俱寂,1,0
网开一面,1,0
旺,1,0
旺盛,1,0
忘我,1,0
威风,1,0
威风凛凛,1,0
威武,1,0
威严,1,0
微言大义,1,0
唯命是从,1,0
唯命是听,1,0
唯唯诺诺,1,0
惟命是从,1,0
惟命是听,1,0
为人宽厚,1,0
为人正直,1,0
为宜,1,0
委婉,1,0
伟,1,0
伟岸,1,0
伟大,1,0
蔚,1,0
味道好,1,0
味道鲜,1,0
卫生,1,0
温和,1,0
温厚,1,0
温静,1,0
温良,1,0
温情,1,0
温情脉脉,1,0
温柔,1,0
温润,1,0
温顺,1,0
温文尔雅,1,0
温驯,1,0
温馨,1,0
温煦,1,0
文不加点,1,0
文从字顺,1,0
文静,1,0
文明,1,0
文文静静,1,0
文武兼备,1,0
文武全才,1,0
文武双全,1,0
文雅,1,0
文质彬彬,1,0
文绉绉,1,0
闻达,1,0
闻过则喜,1,0
闻名,1,0
稳,1,0
稳步,1,0
稳当,1,0
稳定,1,0
稳固,1,0
稳健,1,0
稳如泰山,1,0
稳态,1,0
稳妥,1,0
稳扎稳打,1,0
稳重,1,0
沃,1,0
无比幸福,1,0
无变化,1,0
无偿,1,0
无疵,1,0
无错误,1,0
无毒,1,0
无辜,1,0
无害,1,0
无华,1,0
无价,1,0
无拘束,1,0
无拘无束,1,0
无可非议,1,0
无可厚非,1,0
无可争议,1,0
无可置疑,1,0
无可訾议,1,0
无牵无挂,1,0
无人不晓,1,0
无容置疑,1,0
无上,1,0
无上光荣,1,0
无奢望,1,0
无私,1,0
无私无畏,1,0
无损,1,0
无所不可,1,0
无所不能,1,0
无所不知,1,0
无所顾忌,1,0
无所畏惧,1,0
无微不至,1,0
无畏,1,0
无污染,1,0
无误,1,0
无先例,1,0
无懈可击,1,0
无疑,1,0
无忧无虑,1,0
无罪,1,0
无瑕疵,1,0
无恙,1,0
芜,0,1
武,1,0
五彩纷呈,1,0
五大三粗,1,0
五谷丰登,1,0
五星级,1,0
物阜民丰,1,0
物理,1,0
熙,1,0
熙和,1,0
熙来攘往,1,0
熙攘,1,0
熙熙攘攘,1,0
晰,1,0
吸引人眼球,1,0
悉心,1,0
犀利,1,0
洗炼,1,0
洗练,1,0
系统,1,0
戏剧化,1,0
戏剧性,1,0
细,0,1
细颗粒度,1,0
细密,1,0
细腻,1,0
细巧,1,0
细润,1,0
细细,1,0
细心,1,0
细针密缕,1,0
细致,1,0
侠义,1,0
下饭,1,0
下酒,1,0
先公后私,1,0
先进,1,0
先决,1,0
先人后己,1,0
鲜,1,0
鲜活,1,0
鲜亮,1,0
鲜美,1,0
鲜明,1,0
纤尘不染,1,0
纤巧,1,0
贤,1,0
贤达,1,0
贤慧,1,0
贤惠,1,0
贤明,1,0
闲雅,1,0
显,1,0
显达,1,0
显而易见,1,0
显贵,1,0
显赫,1,0
显豁,1,0
显见,1,0
显明,1,0
显目,1,0
显然,1,0
显性,1,0
显要,1,0
显耀,1,0
显著,1,0
险固,1,0
现实,1,0
相安,1,0
相安无事,1,0
相当,1,0
相当重要,1,0
相宜,1,0
香,1,0
香醇,1,0
香纯,1,0
香喷喷,1,0
香甜,1,0
香甜可口,1,0
香馥馥,1,0
翔实,1,0
祥,1,0
祥和,1,0
详,1,0
详备,1,0
详尽,1,0
详密,1,0
详明,1,0
详实,1,0
详悉,1,0
详细,1,0
详详细细,1,0
响当当,1,0
像话,1,0
像样,1,0
像样子,1,0
象话,1,0
萧洒,1,0
消遣,1,0
消停,1,0
消消停停,1,0
晓事,1,0
小,0,1
小康,1,0
小面额,1,0
小巧玲珑,1,0
小心,1,0
小心谨慎,1,0
小心翼翼,1,0
小有名气,1,0
协调一致,1,0
谐,1,0
谐调,1,0
谐和,1,0
谐趣横生,1,0
欣然,1,0
欣欣然,1,0
欣欣向荣,1,0
辛勤,1,0
新,1,0
新潮,1,0
新奇,1,0
新鲜,1,0
新异,1,0
新颖,1,0
心肠软,1,0
心慈,1,0
心慈面软,1,0
心慈手软,1,0
心地纯良,1,0
心地善良,1,0
心口如一,1,0
心宽,1,0
心灵,1,0
心灵美,1,0
心灵手巧,1,0
心明眼亮,1,0
心软,1,0
心细,1,0
心胸开阔,1,0
心直口快,1,0
信得过,1,0
信赏必罚,1,0
信实,1,0
信息丰富,1,0
星级,1,0
惺,1,0
惺惺,1,0
兴隆,1,0
兴趣盎然,1,0
兴盛,1,0
兴旺,1,0
形象地,1,0
形象化,1,0
行,1,0
行得通,1,0
行时,1,0
行云流水,1,0
行之有效,1,0
醒豁,1,0
醒目,1,0
醒眼,1,0
幸福,1,0
幸运,1,0
性格外向,1,0
性命交关,1,0
性命攸关,1,0
性情温良,1,0
胸怀坦白,1,0
胸怀坦荡,1,0
汹汹,1,0
汹涌,1,0
汹涌澎湃,1,0
雄,1,0
雄健,1,0
雄峻,1,0
雄伟,1,0
雄心勃勃,1,0
雄壮,1,0
雄姿英发,1,0
雄赳赳,1,0
熊腰虎背,1,0
修明,1,0
秀,1,0
秀拔,1,0
秀慧,1,0
秀俊,1,0
秀丽,1,0
秀美,1,0
秀媚,1,0
秀气,1,0
秀巧,1,0
秀润,1,0
秀色,1,0
秀色可餐,1,0
秀挺,1,0
秀外慧中,1,0
秀外惠中,1,0
秀雅,1,0
秀逸,1,0
秀异,1,0
虚怀若谷,1,0
虚己,1,0
虚心,1,0
轩昂,1,0
喧闹,1,0
旋律优美,1,0
玄,0,1
玄奥,1,0
玄而又玄,1,0
玄秘,1,0
玄妙,1,0
玄远,1,0
玄之又玄,1,0
眩目,1,0
绚,1,0
绚烂,1,0
绚丽,1,0
绚丽多彩,1,0
绚丽多姿,1,0
绚丽夺目,1,0
学而不厌,1,0
学富五车,1,0
学力宏赡,1,0
学识渊博,1,0
学有专长,1,0
雪亮,1,0
血气方刚,1,0
驯,1,0
驯服,1,0
驯良,1,0
驯善,1,0
驯顺,1,0
训练良好,1,0
训练有素,1,0
逊,1,0
鸦雀无声,1,0
雅,1,0
雅观,1,0
雅静,1,0
雅俗共赏,1,0
雅正,1,0
雅致,1,0
严谨,1,0
严肃,0,1
严整,1,0
严正,1,0
言必有中,1,0
言简意赅,1,0
言语流利,1,0
言之成理,1,0
言之有理,1,0
眼光锐利,1,0
眼光远大,1,0
眼花缭乱,1,0
眼疾手快,1,0
眼尖,1,0
眼明手快,1,0
眼熟,1,0
艳,1,0
艳丽,1,0
艳冶,1,0
洋洋大观,1,0
阳,1,0
阳刚,1,0
阳性,1,0
养尊处优,1,0
妖媚,1,0
妖艳,1,0
妖冶,1,0
妖娆,1,0
药到病除,1,0
要害,1,0
要紧,0,1
要强,1,0
要死要活,1,0
要言不烦,1,0
耀,1,0
耀眼,1,0
野心勃勃,1,0
冶容,1,0
冶艳,1,0
夜不闭户,1,0
一板正经,1,0
一本正经,1,0
一笔不苟,1,0
一笔一划,1,0
一表非凡,1,0
一步一个脚印儿,1,0
一尘不染,1,0
一等,1,0
一定,1,0
一干二净,1,0
一个心眼儿,1,0
一贯,1,0
一呼百诺,1,0
一呼百应,1,0
一级,1,0
一刻千金,1,0
一口,1,0
一流,1,0
一律,1,0
一门心思,1,0
一目了然,1,0
一清二白,1,0
一清二楚,1,0
一如既往,1,0
一若以往,1,0
一身是胆,1,0
一身正气,1,0
一视同仁,1,0
一丝不差,1,0
一丝不苟,1,0
一体化,1,0
一团和气,1,0
一碗水端平,1,0
一五一十,1,0
一心,1,0
一心一德,1,0
一心一意,1,0
一叶知秋,1,0
一语双关,1,0
一元化,1,0
一致,1,0
一专多能,1,0
一字不差地,1,0
依旧,1,0
依然,1,0
衣冠楚楚,1,0
夷,1,0
仪表堂堂,1,0
仪态万方,1,0
宜,1,0
宜人,1,0
已知,1,0
以德报怨,1,0
以一当十,1,0
艺术,1,0
易,1,0
易如反掌,1,0
逸乐,1,0
亦然,1,0
意味深长,1,0
意在言外,1,0
毅,1,0
毅然,1,0
毅然决然,1,0
义,1,0
义务,1,0
益,1,0
异彩纷呈,1,0
茵茵,1,0
因材施教,1,0
因地制宜,1,0
因陋就简,1,0
因时制宜,1,0
殷,0,1
殷富,1,0
殷勤,1,0
殷实,1,0
殷殷,1,0
音调优美,1,0
阴翳,1,0
引人入胜,1,0
引人深思,1,0
引人瞩目,1,0
引人注目,1,0
引人注意,1,0
英俊,1,0
英烈,1,0
英明,1,0
英武,1,0
英勇,1,0
英姿飒爽,1,0
应有,1,0
莹,1,0
莹白,1,0
莹莹,1,0
荧,1,0
荧荧,1,0
迎刃而解,1,0
盈盈,1,0
颖,1,0
颖慧,1,0
颖悟,1,0
硬,0,1
硬棒,1,0
硬朗,1,0
硬实,1,0
雍和,1,0
雍容,1,0
雍容华贵,1,0
踊跃,1,0
勇,1,0
勇敢,1,0
勇悍,1,0
勇猛,1,0
勇武,1,0
用得着,1,0
用功,1,0
用心,1,0
幽,0,1
幽寂,1,0
幽静,1,0
幽丽,1,0
幽美,1,0
幽默,1,0
幽默滑稽,1,0
幽凄,1,0
幽婉,1,0
幽闲,1,0
幽雅,1,0
幽娴,1,0
优,1,0
优等,1,0
优厚,1,0
优惠,1,0
优良,1,0
优美,1,0
优美动听,1,0
优柔,0,1
优胜,1,0
优秀,1,0
优雅,1,0
优异,1,0
优裕,1,0
优越,1,0
优质,1,0
优渥,1,0
悠扬,1,0
尤,1,0
尤异,1,0
由衷,1,0
油光,1,0
油光光,1,0
油光水滑,1,0
油光锃亮,1,0
油亮,1,0
油汪汪,0,1
游刃有余,1,0
有案可稽,1,0
有板有眼,1,0
有保留地,1,0
有鼻子有眼,1,0
有鼻子有眼儿,1,0
有才干,1,0
有财产,1,0
有朝气,1,0
有出息,1,0
有胆量,1,0
有的放矢,1,0
有地位,1,0
有方,1,0
有福,1,0
有福气,1,0
有个性,1,0
有根有据,1,0
有功,1,0
有贡献,1,0
有光,1,0
有涵养,1,0
有恒,1,0
有纪律,1,0
有价值,1,0
有见地,1,0
有见识,1,0
有教养,1,0
有教益,1,0
有节制,1,0
有据,1,0
有口无心,1,0
有棱角,1,0
有理,1,0
有理由,1,0
有理有据,1,0
有礼,1,0
有礼貌,1,0
有利,1,0
有良心,1,0
有两手,1,0
有两下子,1,0
有眉目,1,0
有门,1,0
有门儿,1,0
有名,1,0
有名气,1,0
有目共睹,1,0
有能力,1,0
有派,1,0
有盼,1,0
有盼儿,1,0
有品味,1,0
有钱,1,0
有求必应,1,0
有趣,1,0
有韧劲,1,0
有伸缩性,1,0
有声有色,1,0
有识,1,0
有始有终,1,0
有所作为,1,0
有条不紊,1,0
有条理,1,0
有条有理,1,0
有同情心,1,0
有头脑,1,0
有头有脸,1,0
有头有尾,1,0
有望,1,0
有威信,1,0
有为,1,0
有味,1,0
有文化,1,0
有文章,1,0
有戏,1,0
有效,1,0
有心眼,1,0
有心眼儿,1,0
有序,1,0
有学问,1,0
有血气,1,0
有血有肉,1,0
有眼光,1,0
有眼力,1,0
有一手,1,0
有一套,1,0
有意思,1,0
有意义,1,0
有益,1,0
有勇气,1,0
有用,1,0
有智慧,1,0
有种,1,0
有滋味,1,0
有滋有味,1,0
有嘴无心,1,0
友,1,0
友爱,1,0
友好,1,0
友善,1,0
诱人,1,0
又红又专,1,0
愚公移山,1,0
余裕,1,0
语重心长,1,0
玉,1,0
玉洁冰清,1,0
玉立,1,0
郁,0,1
郁郁,1,0
郁郁苍苍,1,0
郁郁葱葱,1,0
寓意深长,1,0
寓意深刻,1,0
渊博,1,0
渊深,1,0
原封,1,0
原封不动,1,0
圆浑,1,0
圆活,1,0
圆柔,1,0
圆润,1,0
圆熟,1,0
圆通,1,0
远大,1,0
约,1,0
悦耳,1,0
悦目,1,0
匀,1,0
匀称,1,0
匀和,1,0
匀乎,1,0
匀净,1,0
匀溜,1,0
匀实,1,0
匀整,1,0
允当,1,0
在理,1,0
在情理之中,1,0
在行,1,0
凿,1,0
凿凿,1,0
曾经沧海,1,0
扎实,1,0
扎眼,1,0
扎扎实实,1,0
崭,1,0
崭新,1,0
占理,1,0
战斗,1,0
站得高，看得远,1,0
站得住,1,0
站得住脚,1,0
湛,1,0
湛深,1,0
彰,1,0
彰明较著,1,0
招笑儿,1,0
昭,1,0
昭然,1,0
昭然若揭,1,0
昭彰,1,0
昭著,1,0
照旧,1,0
照理,1,0
照实,1,0
照样,1,0
照章,1,0
照直,1,0
哲,1,0
珍贵,1,0
珍奇,1,0
珍稀,1,0
珍异,1,0
真,1,0
真诚,1,0
真格的,1,0
真率,1,0
真切,1,0
真确,1,0
真实,1,0
真实可信,1,0
真心,1,0
真心诚意,1,0
真心实意,1,0
真心真意,1,0
真性,1,0
真真,1,0
真真切切,1,0
真真实实,1,0
真正,1,0
真挚,1,0
贞,1,0
震古烁今,1,0
震撼人心,1,0
震天动地,1,0
振奋人心,1,0
争相,1,0
整,1,0
整洁,1,0
整齐,1,0
整齐划一,1,0
整整齐齐,1,0
整饬,1,0
正,1,0
正常,1,0
正大,1,0
正大光明,1,0
正当,1,0
正当年,1,0
正点,1,0
正而不谲,1,0
正好,1,0
正经,1,0
正经八百,1,0
正面,1,0
正牌,1,0
正派,1,0
正确,1,0
正统,1,0
正义,1,0
正直,1,0
正宗,1,0
郑重,1,0
郑重其事,1,0
枝繁叶茂,1,0
支柱性,1,0
知名,1,0
知情达理,1,0
知趣,1,0
知书达理,1,0
知书识礼,1,0
直,1,0
直肠子,1,0
直截,1,0
直截了当,1,0
直捷,1,0
直来直去,1,0
直率,1,0
直爽,1,0
直心眼,1,0
直心眼儿,1,0
直性,1,0
直性子,1,0
执著,1,0
执着,1,0
值得崇拜,1,0
值得纪念,1,0
值得羡慕,1,0
值钱,1,0
志在千里,1,0
挚,1,0
挚诚,1,0
挚切,1,0
至诚,1,0
至高无上,1,0
至关紧要,1,0
至关重大,1,0
至关重要,1,0
至上,1,0
至深,1,0
至尊,1,0
至尊至贵,1,0
致密,1,0
智,1,0
智慧型,1,0
智能型,1,0
智勇双全,1,0
秩然不紊,1,0
秩序井然,1,0
稚弱,1,0
质量好,1,0
质朴,1,0
质朴无华,1,0
质优,1,0
炙手可热,1,0
中,1,0
中坚,1,0
中看,1,0
中肯,1,0
中听,1,0
中心,1,0
中用,1,0
中允,1,0
中正,1,0
忠,1,0
忠忱,1,0
忠诚,1,0
忠耿,1,0
忠厚,1,0
忠良,1,0
忠实,1,0
忠顺,1,0
忠心赤胆,1,0
忠心耿耿,1,0
忠信,1,0
忠义,1,0
忠贞,1,0
忠贞不贰,1,0
忠贞不屈,1,0
忠贞不渝,1,0
忠直,1,0
忠鲠,1,0
衷心,1,0
重大,1,0
重点,1,0
重要,1,0
众口一词,1,0
众目昭彰,1,0
众目睽睽,1,0
众所周知,1,0
周到,1,0
周密,1,0
周详,1,0
周至,1,0
珠圆玉润,1,0
主导,1,0
主动,1,0
主要,1,0
著,1,0
著称,1,0
著名,1,0
专心,1,0
专心致志,1,0
专一,1,0
专挚,1,0
专注,1,0
庄严,1,0
庄重,1,0
装备完善,1,0
壮,1,0
壮观,1,0
壮健,1,0
壮阔,1,0
壮丽,1,0
壮烈,1,0
壮美,1,0
壮实,1,0
状况良好,1,0
谆,1,0
谆谆,1,0
准点,1,0
准期,1,0
准确,1,0
准确无误,1,0
准时,1,0
卓,1,0
卓尔不群,1,0
卓然,1,0
卓越,1,0
卓越超群,1,0
卓著,1,0
卓荦,1,0
卓跞,1,0
桌面儿上,1,0
茁,1,0
茁壮,1,0
着边,1,0
着边儿,1,0
灼,1,0
灼亮,1,0
灼然,1,0
灼然可见,1,0
灼然无疑,1,0
灼灼,1,0
资深,1,0
滋润,1,0
孜孜,1,0
孜孜不倦,1,0
仔细,1,0
仔仔细细,1,0
自卑,1,0
自不待言,1,0
自动,1,0
自觉自愿,1,0
自来熟,1,0
自明,1,0
自然,1,0
自如,1,0
自行,1,0
自由,1,0
自由主义,1,0
自由自在,1,0
自在,1,0
自尊,1,0
足色,1,0
足月,1,0
足智多谋,1,0
嘴紧,1,0
嘴快,1,0
嘴稳,1,0
最高,1,0
最高级,1,0
最好,1,0
最佳,1,0
最理想,1,0
最新,1,0
最主要,1,0
最著名,1,0
尊贵,1,0
做得好,1,0
作为消遣,1,0
作兴,1,0
丕,1,0
亘古未有,1,0
孛,0,1
厮熟,1,0
剀,1,0
剡,1,0
剽悍,0,1
仡,1,0
仞,1,0
佶,1,0
侃,1,0
佼,1,0
俨,1,0
俨然,1,0
俅,1,0
倩,1,0
俳谐,1,0
倬,1,0
倜傥,1,0
倜傥不群,1,0
倜傥不羁,1,0
傥,0,1
僖,1,0
僭,0,1
儇,0,1
裒,1,0
冥,0,1
诙谐,1,0
谙练,1,0
谠,1,0
谧,1,0
谧静,1,0
劢,1,0
劬,1,0
劭,1,0
勐,1,0
矍铄,1,0
懿,1,0
芊,1,0
芊眠,1,0
芊绵,1,0
芊芊,1,0
芾,1,0
茏,1,0
茏葱,1,0
苒,1,0
茌,1,0
荟,1,0
荦,1,0
荦荦,1,0
荦荦大者,1,0
荩,1,0
莺声燕语,1,0
菁,1,0
菁菁,1,0
萋,1,0
萋萋,1,0
菀,0,1
蓁,1,0
蓊,1,0
蓊郁,1,0
蕃,1,0
蕃茂,1,0
蕻,1,0
奕,1,0
奘,1,0
挢,1,0
掬诚,1,0
叱咤风云,1,0
呱呱叫,1,0
哏,1,0
噱头,1,0
岑寂,1,0
嶷,1,0
徼幸,1,0
狷,0,1
狷介,1,0
猗,1,0
馐,1,0
怃,0,1
怡,1,0
怡和,1,0
怡然,1,0
恂,0,1
恪,1,0
悃,1,0
愣是,1,0
愣要,1,0
愀,0,1
懔,0,1
闳,1,0
阒,1,0
阒寂,1,0
阒然,1,0
阗,1,0
泱泱,1,0
泠然,1,0
泠泠,1,0
泠泠作响,1,0
洌,1,0
浃,1,0
洵,1,0
浏,1,0
滟,1,0
滢,1,0
潇,1,0
潇洒,1,0
澹,1,0
澹泊,1,0
灏,1,0
宓,1,0
謇,1,0
逍遥,1,0
逍遥自在,1,0
遐迩闻名,1,0
邃,1,0
妍,1,0
妍丽,1,0
妩,1,0
妩媚,1,0
娆,0,1
姝,1,0
娈,1,0
姣,1,0
姣好,1,0
姣美,1,0
姹,1,0
娉,1,0
娉娉袅袅,1,0
娉婷,1,0
娴,1,0
娴静,1,0
娴淑,1,0
娴熟,1,0
娴雅,1,0
娓娓,1,0
娓娓动听,1,0
婀娜,1,0
婀娜多姿,1,0
婵蝉,1,0
婵娟,1,0
婵媛,1,0
婷,1,0
婷婷,1,0
婷婷袅袅,1,0
嫣,1,0
嫣然,1,0
孳,1,0
骁,1,0
骁悍,1,0
骁勇,1,0
骠,1,0
骠勇,1,0
绮,1,0
绮丽,1,0
缜,1,0
缜密,1,0
缥,1,0
玮,1,0
琦,1,0
瑕不掩瑜,1,0
璀璨,1,0
璀璨夺目,1,0
璞玉浑金,1,0
璨然,1,0
韪,1,0
枭,1,0
栩栩,1,0
栩栩如活,1,0
栩栩如生,1,0
轫,0,1
戛戛,1,0
臧,1,0
杲,1,0
杲杲,1,0
炅,1,0
昶,1,0
晟,1,0
晔,1,0
赅博,1,0
肜,1,0
肫,1,0
脍炙人口,1,0
腴,1,0
膂力过人,1,0
飒爽,1,0
飒爽英姿,1,0
斐,1,0
斐然,1,0
旖旎,1,0
炜,1,0
炫目,1,0
烨,1,0
煊,1,0
煊赫,1,0
熠,1,0
熠耀,1,0
熠熠,1,0
熠熠生辉,1,0
戾,0,1
祯,1,0
祺,1,0
恣肆,0,1
悫,1,0
懋,1,0
戆直,1,0
眇,1,0
睿,1,0
睿哲,1,0
睿智,1,0
钐,1,0
铮,1,0
铮亮,1,0
铮铮,1,0
铮铮铁骨,1,0
铿锵,1,0
锃,1,0
锃光瓦亮,1,0
锃亮,1,0
锖,1,0
锬,1,0
锲而不舍,1,0
馥郁,1,0
馥馥,1,0
穰穰,1,0
皎,1,0
皎白,1,0
皎洁,1,0
皎皎,1,0
皓,1,0
皓月当空,1,0
鸾凤和鸣,1,0
竦,0,1
窈冥,0,1
窈窕,1,0
虔,1,0
虔诚,1,0
虔敬,1,0
虔心,1,0
笃,0,1
笃诚,1,0
笃厚,1,0
笃实,1,0
笃学,1,0
袅,1,0
袅娜,1,0
袅袅婷婷,1,0
粲,1,0
粲然,1,0
粼,1,0
粼粼,1,0
艮,1,0
翕,1,0
翕然,1,0
翩然,1,0
翩若惊鸿,1,0
翩翩,1,0
翩跹,1,0
赳赳,1,0
醍醐灌顶,1,0
跹,1,0
觥筹交错,1,0
靓,1,0
靓丽,1,0
霁月光风,1,0
隽永,1,0
鑫,1,0
鲠直,1,0
髀肉复生,1,0
魅人,1,0
傒倖,0,1
忷,0,1
恟,0,1
懆懆,0,1
搥胸顿足,0,1
哀,0,1
哀哀切切,0,1
哀愁,0,1
哀怜,0,1
哀悯,0,1
哀戚,0,1
哀凄,0,1
哀切,0,1
哀伤,0,1
哀痛,0,1
哀痛欲绝,0,1
哀怨,0,1
哀恸,0,1
哀矜,0,1
傲视,0,1
懊,0,1
懊恨,0,1
懊悔,0,1
懊恼,0,1
懊丧,0,1
百无聊赖,0,1
败兴,0,1
板,0,1
板脸,0,1
板面孔,0,1
板起脸,0,1
板着脸,0,1
板着面孔,0,1
半信半疑,0,1
包涵,0,1
包容,0,1
褒贬,0,1
睖睁,0,1
薄,0,1
抱不平,0,1
抱憾,0,1
抱憾终身,0,1
抱恨,0,1
抱恨终生,0,1
抱恨终天,0,1
抱疚,0,1
抱愧,0,1
抱歉,0,1
抱怨,0,1
暴跳,0,1
暴跳如雷,0,1
杯弓蛇影,0,1
悲,0,1
悲哀,0,1
悲愁,0,1
悲观失望,0,1
悲悯,0,1
悲戚,0,1
悲凄,0,1
悲切,0,1
悲切切,0,1
悲伤,0,1
悲酸,0,1
悲天悯人,0,1
悲痛,0,1
悲痛欲绝,0,1
悲怆,0,1
悲恸,0,1
悲恻,0,1
背包袱,0,1
绷,0,1
绷脸,0,1
绷着脸,0,1
鼻酸,0,1
鄙,0,1
鄙薄,0,1
鄙贱,0,1
鄙弃,0,1
鄙视,0,1
鄙夷,0,1
鞭挞,0,1
贬斥,0,1
变脸,0,1
变色,0,1
变心,0,1
表示坏情感,0,1
憋,0,1
憋得慌,0,1
憋闷,0,1
憋气,0,1
憋屈,0,1
憋着一肚子气,0,1
勃然大怒,0,1
驳难,0,1
驳议,0,1
不待见,0,1
不甘,0,1
不甘心,0,1
不顾,0,1
不过意,0,1
不寒而栗,0,1
不好过,0,1
不好意思,0,1
不快,0,1
不落忍,0,1
不满,0,1
不满意,0,1
不满足,0,1
不念旧恶,0,1
不平,0,1
不容,0,1
不是味儿,0,1
不是滋味,0,1
不是滋味儿,0,1
不爽,0,1
不死心,0,1
不同意,0,1
不闻不问,0,1
不屑,0,1
不屑一顾,0,1
不屑于,0,1
不以为然,0,1
不愿,0,1
不愿意,0,1
不悦,0,1
不赞成,0,1
不赞同,0,1
不忠,0,1
不忠诚,0,1
怖,0,1
猜忌,0,1
猜嫌,0,1
猜疑,0,1
惭,0,1
惭惶,0,1
惭愧,0,1
惨痛,0,1
仓皇失措,0,1
藏奸,0,1
操心,0,1
诧,0,1
诧异,0,1
诧愕,0,1
嘲骂,0,1
嘲谑,0,1
沉闷,0,1
沉痛,0,1
沉吟,0,1
沉郁,0,1
沉重,0,1
诚惶诚恐,0,1
吃不准,0,1
吃错药,0,1
吃后悔药,0,1
痴愣,0,1
持异议,0,1
迟疑,0,1
迟疑不决,0,1
耻骂,0,1
斥,0,1
斥骂,0,1
斥责,0,1
踌躇,0,1
踌躇不决,0,1
踌躇不前,0,1
愁,0,1
愁惨,0,1
愁肠百结,0,1
愁眉不展,0,1
愁眉紧锁,0,1
愁眉苦脸,0,1
愁眉锁眼,0,1
愁闷,0,1
愁容满面,0,1
仇恨,0,1
仇视,0,1
臭骂,0,1
出气,0,1
出神,0,1
吹胡子瞪眼,0,1
捶胸顿足,0,1
垂怜,0,1
垂头丧气,0,1
戳壁脚,0,1
戳脊梁骨,0,1
刺打,0,1
蹿火,0,1
错愕,0,1
打骂,0,1
打入冷宫,0,1
打入十八层地狱,0,1
打问号,0,1
打怵,0,1
打憷,0,1
大吃一惊,0,1
大跌眼镜,0,1
大动肝火,0,1
大发雷霆,0,1
大惊失色,0,1
大骂,0,1
大失所望,0,1
呆,0,1
呆若木鸡,0,1
呆怔,0,1
呆滞,0,1
呆住,0,1
呆愣愣,0,1
贷,0,1
担惊受怕,0,1
担心,0,1
担忧,0,1
胆颤心惊,0,1
胆寒,0,1
胆战心惊,0,1
惮,0,1
当紧,0,1
当头棒喝,0,1
得饶人处且饶人,0,1
等不及,0,1
等闲视之,0,1
瞪眼,0,1
低沉,0,1
低落,0,1
敌视,0,1
惦,0,1
惦挂,0,1
惦记,0,1
惦念,0,1
掉魂,0,1
掉以轻心,0,1
跌眼镜,0,1
动肝火,0,1
动火,0,1
动怒,0,1
动气,0,1
动摇,0,1
恫,0,1
斗,0,1
斗争,0,1
堵,0,1
堵得慌,0,1
堵心,0,1
断肠,0,1
断魂,0,1
顿生疑窦,0,1
顿足捶胸,0,1
多虑,0,1
多有微词,0,1
恶,0,1
恶骂,0,1
扼腕,0,1
耳热,0,1
发愁,0,1
发呆,0,1
发狠,0,1
发火,0,1
发急,0,1
发牢骚,0,1
发毛,0,1
发怒,0,1
发脾气,0,1
发怔,0,1
发指,0,1
发作,0,1
发怵,0,1
发愣,0,1
发憷,0,1
发飙,0,1
翻然悔悟,0,1
烦,0,1
烦愁,0,1
烦闷,0,1
烦恼,0,1
烦腻,0,1
烦扰,0,1
烦神,0,1
烦厌,0,1
烦忧,0,1
烦躁,0,1
反唇相讥,0,1
反感,0,1
犯愁,0,1
犯急,0,1
犯难,0,1
犯疑心病,0,1
犯怵,0,1
犯憷,0,1
非常悲哀,0,1
非难,0,1
非议,0,1
费精神,0,1
费神,0,1
忿忿,0,1
忿忿不平,0,1
忿忿然,0,1
忿恨,0,1
忿怒,0,1
忿恚,0,1
忿懑,0,1
愤愤,0,1
愤愤不平,0,1
愤愤然,0,1
愤恨,0,1
愤怒,0,1
愤世嫉俗,0,1
愤懑,0,1
讽,0,1
讽刺,0,1
付之一笑,0,1
负疚,0,1
负气,0,1
肝肠寸断,0,1
感伤,0,1
给 ... 当头棒喝,0,1
给 ... 一点颜色看看,0,1
攻击,0,1
骨鲠在喉,0,1
顾忌,0,1
顾虑,0,1
顾虑重重,0,1
顾念,0,1
寡欢,0,1
挂,0,1
挂怀,0,1
挂火,0,1
挂记,0,1
挂虑,0,1
挂念,0,1
挂心,0,1
怪,0,1
怪罪,0,1
光火,0,1
过不去,0,1
过分操心,0,1
过虑,0,1
过意不去,0,1
害怕,0,1
害羞,0,1
害臊,0,1
骇,0,1
骇怪,0,1
骇惧,0,1
骇怕,0,1
骇然失色,0,1
骇异,0,1
骇愕,0,1
含悲,0,1
含愤,0,1
含恨,0,1
含怒,0,1
含沙射影,0,1
含羞,0,1
含怨,0,1
涵容,0,1
寒,0,1
寒心,0,1
憾,0,1
悍然不顾,0,1
汗颜,0,1
毫不在乎,0,1
呵,0,1
呵斥,0,1
呵责,0,1
呵叱,0,1
喝斥,0,1
喝叱,0,1
恨,0,1
恨入骨髓,0,1
恨铁不成钢,0,1
恨之入骨,0,1
红脸,0,1
红眼,0,1
猴儿急,0,1
后顾之忧,0,1
后悔,0,1
后悔莫及,0,1
后怕,0,1
忽略,0,1
忽视,0,1
狐疑不决,0,1
虎着脸,0,1
怀恨,0,1
怀恨在心,0,1
怀疑,0,1
坏情,0,1
患,0,1
荒,0,1
荒废,0,1
慌恐,0,1
皇皇,0,1
惶,0,1
惶惶,0,1
惶惶不安,0,1
惶惶不可终日,0,1
惶惶然,0,1
惶惑,0,1
惶惧,0,1
惶恐,0,1
惶恐不安,0,1
惶然,0,1
惶然不安,0,1
惶悚,0,1
惶遽,0,1
灰溜溜,0,1
灰头灰脸,0,1
灰头土脸,0,1
灰心,0,1
灰心丧气,0,1
回头,0,1
悔,0,1
悔不当初,0,1
悔不该,0,1
悔恨,0,1
悔悟,0,1
悔之不及,0,1
悔之晚矣,0,1
悔之无及,0,1
魂不附体,0,1
魂飞魄散,0,1
魂飞天外,0,1
火急火燎,0,1
火冒三丈,0,1
火烧火燎,0,1
火头上,0,1
饥不择食,0,1
激愤,0,1
讥嘲,0,1
讥刺,0,1
讥讽,0,1
讥讪,0,1
讥诮,0,1
鸡蛋里挑骨头,0,1
极度悲哀,0,1
极度悲伤,0,1
急巴巴,0,1
急急巴巴,0,1
急死,0,1
急眼,0,1
疾,0,1
嫉恨,0,1
悸栗,0,1
忌惮,0,1
忌恨,0,1
见怪,0,1
见罪,0,1
将心比心,0,1
将信将疑,0,1
焦愁,0,1
焦急,0,1
焦虑,0,1
焦心,0,1
焦炙,0,1
焦灼,0,1
娇羞,0,1
教训,0,1
叫苦,0,1
叫苦不迭,0,1
叫苦连天,0,1
叫骂,0,1
叫嚣,0,1
解气,0,1
借古讽今,0,1
介怀,0,1
介意,0,1
进退两难,0,1
进退维谷,0,1
惊,0,1
惊怖,0,1
惊诧,0,1
惊呆,0,1
惊怪,0,1
惊骇,0,1
惊慌,0,1
惊慌失措,0,1
惊惶,0,1
惊惧,0,1
惊恐,0,1
惊怕,0,1
惊奇,0,1
惊奇不已,0,1
惊叹,0,1
惊讶,0,1
惊疑,0,1
惊异,0,1
惊悚,0,1
惊愕,0,1
窘,0,1
窘迫,0,1
揪心,0,1
疚愧,0,1
拘束,0,1
举棋不定,0,1
沮,0,1
沮丧,0,1
惧,0,1
惧怕,0,1
眷顾,0,1
觉得自己理亏,0,1
绝望,0,1
开炮,0,1
看扁,0,1
看不惯,0,1
看不开,0,1
看不起,0,1
看不上,0,1
看不上眼,0,1
看不顺眼,0,1
看淡,0,1
看低,0,1
看轻,0,1
抗议,0,1
苛察,0,1
苛责,0,1
可怜,0,1
可惜,0,1
恐,0,1
恐慌,0,1
恐惧,0,1
口诛笔伐,0,1
哭丧着脸,0,1
哭笑不得,0,1
苦闷,0,1
苦恼,0,1
苦涩,0,1
宽贷,0,1
宽假,0,1
宽免,0,1
宽赦,0,1
宽恕,0,1
宽宥,0,1
狂怒,0,1
亏心,0,1
愧,0,1
愧对,0,1
愧汗,0,1
愧恨,0,1
愧悔,0,1
愧疚,0,1
愧怍,0,1
愧恧,0,1
愧赧,0,1
困窘,0,1
困迫,0,1
拉不下脸,0,1
拉不下脸来,0,1
拉长个脸,0,1
拉下脸,0,1
拉下脸来,0,1
来火,0,1
来气,0,1
赖,0,1
懒得,0,1
懒洋洋,0,1
劳神,0,1
老羞成怒,0,1
冷嘲热讽,0,1
冷淡,0,1
怜,0,1
怜悯,0,1
怜惜,0,1
怜恤,0,1
脸红脖子粗,0,1
脸红耳热,0,1
脸皮薄,0,1
脸上下不来,0,1
凉,0,1
两难,0,1
亮红灯,0,1
谅,0,1
谅解,0,1
虑,0,1
乱,0,1
乱了方寸,0,1
骂,0,1
骂不绝口,0,1
骂大街,0,1
骂得狗血淋头,0,1
骂得狗血喷头,0,1
骂街,0,1
骂骂咧咧,0,1
骂娘,0,1
骂人,0,1
埋没,0,1
埋汰,0,1
埋怨,0,1
满不在乎,0,1
满脸愁雾,0,1
漫骂,0,1
谩骂,0,1
毛骨悚然,0,1
冒火,0,1
没个好脸,0,1
没精打采,0,1
没意思,0,1
没有好脸,0,1
闷,0,1
闷沉沉,0,1
闷闷,0,1
闷闷不乐,0,1
闷郁,0,1
面斥,0,1
面带怒色,0,1
面带嗔色,0,1
面面相觑,0,1
面如死灰,0,1
面如土色,0,1
面无人色,0,1
面有愧色,0,1
面有难色,0,1
面有愠色,0,1
藐视,0,1
蔑,0,1
蔑视,0,1
民怨沸腾,0,1
悯,0,1
鸣不平,0,1
鸣冤叫屈,0,1
摸不准,0,1
磨不开,0,1
抹不开,0,1
漠然视之,0,1
漠然置之,0,1
漠视,0,1
木然,0,1
目瞪口呆,0,1
纳罕,0,1
难,0,1
难过,0,1
难堪,0,1
难受,0,1
难为情,0,1
恼,0,1
恼恨,0,1
恼火,0,1
恼怒,0,1
恼羞成怒,0,1
闹脾气,0,1
闹情绪,0,1
闹性子,0,1
馁,0,1
内疚,0,1
腻烦,0,1
腻歪,0,1
腻味,0,1
捏把汗,0,1
捏一把汗,0,1
怒,0,1
怒不可遏,0,1
怒斥,0,1
怒冲冲,0,1
怒发冲冠,0,1
怒喝,0,1
怒火冲天,0,1
怒火中烧,0,1
怒骂,0,1
怒目,0,1
怒气冲冲,0,1
怒气冲天,0,1
怒形于色,0,1
怒叱,0,1
怕,0,1
怕生,0,1
怕羞,0,1
拍案而起,0,1
排揎,0,1
徘徊,0,1
派不是,0,1
旁敲侧击,0,1
抨,0,1
抨击,0,1
批,0,1
批斗,0,1
苶,0,1
皮里阳秋,0,1
屁滚尿流,0,1
偏废,0,1
品头论足,0,1
评头论足,0,1
评头品足,0,1
颇有微词,0,1
破口大骂,0,1
魄散魂飞,0,1
迫不及待,0,1
戚戚,0,1
戚然,0,1
七窍生烟,0,1
凄惶,0,1
凄切,0,1
凄然,0,1
凄酸,0,1
凄婉,0,1
凄怨,0,1
凄恻,0,1
歧视,0,1
骑虎难下,0,1
起疑心,0,1
气,0,1
气昂昂,0,1
气不忿,0,1
气不过,0,1
气不平,0,1
气冲冲,0,1
气冲牛斗,0,1
气短,0,1
气忿,0,1
气忿忿,0,1
气愤,0,1
气愤愤,0,1
气鼓鼓,0,1
气狠狠,0,1
气哼哼,0,1
气呼呼,0,1
气乎乎,0,1
气急败坏,0,1
气恼,0,1
气馁,0,1
气头上,0,1
气汹汹,0,1
牵念,0,1
迁怒,0,1
谴,0,1
谴责,0,1
歉然,0,1
歉甚,0,1
瞧不起,0,1
瞧不上,0,1
瞧不上眼,0,1
切齿,0,1
切齿痛恨,0,1
怯,0,1
怯阵,0,1
轻忽,0,1
轻看,0,1
轻蔑,0,1
轻视,0,1
清算,0,1
穷极无聊,0,1
饶人,0,1
饶恕,0,1
惹气,0,1
人身攻击,0,1
忍让,0,1
柔肠百结,0,1
柔肠寸断,0,1
如泣如诉,0,1
如丧考妣,0,1
如鲠在喉,0,1
辱骂,0,1
撒气,0,1
三心二意,0,1
丧胆,0,1
丧魂落魄,0,1
丧气,0,1
丧志,0,1
扫兴,0,1
杀气,0,1
傻眼,0,1
伤,0,1
伤悲,0,1
伤怀,0,1
伤神,0,1
伤心,0,1
慑,0,1
申斥,0,1
申讨,0,1
申饬,0,1
深恶痛绝,0,1
深以为异,0,1
声讨,0,1
生恐,0,1
生怕,0,1
生气,0,1
生疑,0,1
失悔,0,1
失节,0,1
失神,0,1
失望,0,1
失意,0,1
使性子,0,1
示不满,0,1
示不同意,0,1
示怒,0,1
势成骑虎,0,1
视同儿戏,0,1
视同蝼蚁,0,1
首鼠两端,0,1
受窘,0,1
疏,0,1
数落,0,1
数说,0,1
恕,0,1
恕宥,0,1
说,0,1
说不,0,1
说风凉话,0,1
说怪话,0,1
酸,0,1
酸楚,0,1
酸溜溜,0,1
缩头缩脑,0,1
谈虎色变,0,1
讨,0,1
讨厌,0,1
提心吊胆,0,1
啼笑皆非,0,1
体谅,0,1
体念,0,1
体惜,0,1
体恤,0,1
天怒人怨,0,1
挑刺儿,0,1
挑毛病,0,1
同病相怜,0,1
痛,0,1
痛不欲生,0,1
痛斥,0,1
痛恶,0,1
痛恨,0,1
痛骂,0,1
痛惜,0,1
痛心,0,1
痛心疾首,0,1
痛责,0,1
投诉,0,1
兔死狐悲,0,1
颓,0,1
颓废,0,1
颓靡,0,1
颓然,0,1
颓丧,0,1
颓唐,0,1
唾骂,0,1
挖苦,0,1
玩,0,1
玩忽,0,1
玩世不恭,0,1
惋,0,1
惋惜,0,1
万箭穿心,0,1
万念俱灰,0,1
往心里去,0,1
望而生畏,0,1
微愠,0,1
唯恐,0,1
惟恐,0,1
为难,0,1
萎靡,0,1
委决不下,0,1
委靡,0,1
委屈,0,1
委罪,0,1
畏忌,0,1
畏惧,0,1
畏葸,0,1
闻风丧胆,0,1
问心有愧,0,1
窝火,0,1
窝囊,0,1
窝气,0,1
窝心,0,1
无地自容,0,1
无精打采,0,1
无聊,0,1
无名火起,0,1
无视,0,1
无所谓,0,1
无心,0,1
无意,0,1
物伤其类,0,1
系,0,1
系念,0,1
戏侮,0,1
下不来台,0,1
下不了台,0,1
衔恨,0,1
衔冤,0,1
嫌,0,1
嫌恶,0,1
嫌弃,0,1
嫌厌,0,1
嫌憎,0,1
想不开,0,1
向 ... 问罪,0,1
向隅,0,1
向隅而泣,0,1
消沉,0,1
小看,0,1
小瞧,0,1
小视,0,1
笑骂,0,1
泄劲,0,1
泄气,0,1
心胆俱裂,0,1
心烦,0,1
心烦意乱,0,1
心寒,0,1
心灰意懒,0,1
心灰意冷,0,1
心急,0,1
心急火燎,0,1
心急如焚,0,1
心急如火,0,1
心焦,0,1
心焦如焚,0,1
心惊胆颤,0,1
心惊胆战,0,1
心惊肉跳,0,1
心里堵得慌,0,1
心情沉重,0,1
心如刀割,0,1
心如刀绞,0,1
心如死灰,0,1
心酸,0,1
心碎,0,1
心痛,0,1
心虚,0,1
心绪沉落,0,1
心有余悸,0,1
杏眼圆睁,0,1
羞,0,1
羞惭,0,1
羞答答,0,1
羞恶,0,1
羞窘,0,1
羞愧,0,1
羞怯,0,1
羞人,0,1
羞人答答,0,1
羞涩,0,1
羞羞答答,0,1
羞于,0,1
羞臊,0,1
羞赧,0,1
虚惊,0,1
嘘,0,1
恤,0,1
絮烦,0,1
悬,0,1
悬念,0,1
悬系,0,1
悬心,0,1
训斥,0,1
训戒,0,1
训诫,0,1
讶,0,1
讶然,0,1
讶然失色,0,1
讶异,0,1
厌,0,1
厌恶,0,1
厌烦,0,1
厌恨,0,1
厌倦,0,1
厌腻,0,1
厌气,0,1
厌弃,0,1
摇摆,0,1
一怒之下,0,1
一气之下,0,1
一怔,0,1
遗憾,0,1
疑,0,1
疑惑,0,1
疑忌,0,1
疑虑,0,1
疑虑重重,0,1
疑神疑鬼,0,1
抑郁,0,1
抑郁寡欢,0,1
意意思思,0,1
义愤,0,1
义愤填膺,0,1
异,0,1
阴郁,0,1
引咎,0,1
引咎自责,0,1
隐忧,0,1
幽忧,0,1
忧,0,1
忧愁,0,1
忧烦,0,1
忧愤,0,1
忧惧,0,1
忧虑,0,1
忧闷,0,1
忧伤,0,1
忧思,0,1
忧心,0,1
忧心如焚,0,1
忧心忡忡,0,1
忧郁,0,1
忧怨,0,1
忧悒,0,1
犹疑,0,1
犹豫,0,1
油煎火燎,0,1
游移,0,1
有愧,0,1
于心有愧,0,1
虞,0,1
郁闷,0,1
郁郁不乐,0,1
郁郁寡欢,0,1
欲哭无泪,0,1
詟,0,1
原,0,1
原谅,0,1
原宥,0,1
怨,0,1
怨恨,0,1
怨悔,0,1
怨声载道,0,1
怨天尤人,0,1
糟心,0,1
责,0,1
责备,0,1
责斥,0,1
责怪,0,1
责骂,0,1
责难,0,1
责怨,0,1
憎,0,1
憎恶,0,1
憎恨,0,1
咋舌,0,1
炸,0,1
瞻前顾后,0,1
战兢兢,0,1
战战兢兢,0,1
张口结舌,0,1
找茬,0,1
找茬儿,0,1
找碴,0,1
找碴儿,0,1
找岔子,0,1
针砭,0,1
震,0,1
震惊,0,1
震怒,0,1
震悚,0,1
睁一眼闭一眼,0,1
睁一只眼闭一只眼,0,1
睁只眼闭只眼,0,1
怔,0,1
怔神儿,0,1
怔怔,0,1
怔住,0,1
怔忪,0,1
直眉瞪眼,0,1
指斥,0,1
指鸡骂狗,0,1
指桑骂槐,0,1
指责,0,1
指摘,0,1
置疑,0,1
置于脑后,0,1
置之不顾,0,1
置之不理,0,1
置之度外,0,1
置之脑后,0,1
质疑,0,1
滞呆,0,1
周恤,0,1
咒,0,1
咒骂,0,1
咒诅,0,1
抓瞎,0,1
椎心泣血,0,1
追悔,0,1
追悔莫及,0,1
着急,0,1
着忙,0,1
自暴自弃,0,1
自惭形秽,0,1
自咎,0,1
自疚,0,1
自馁,0,1
自怨自艾,0,1
自责,0,1
诅,0,1
诅骂,0,1
诅咒,0,1
左右两难,0,1
左右为难,0,1
做贼心虚,0,1
作难,0,1
作色,0,1
倥,0,1
讪讪,0,1
诃,0,1
诘,0,1
诟,0,1
诟病,0,1
诮,0,1
诶,0,1
谇,0,1
谪,0,1
矍,0,1
芴,0,1
葸,0,1
奚落,0,1
奚幸,0,1
尴尬,0,1
挹,0,1
掎,0,1
掊,0,1
掊击,0,1
摭,0,1
撸,0,1
撺,0,1
叱,0,1
叱骂,0,1
叱责,0,1
哓,0,1
呲,0,1
啧有烦言,0,1
嗔,0,1
嗔斥,0,1
嗔怪,0,1
嗔怒,0,1
嗤之以鼻,0,1
嘀咕,0,1
噍,0,1
彷,0,1
彷徨,0,1
忏,0,1
忏悔,0,1
怄,0,1
怄气,0,1
忡,0,1
怅,0,1
怅恨,0,1
怅然,0,1
怅然若失,0,1
怅怅,0,1
怅惘,0,1
怆,0,1
怆怳,0,1
怆恍,0,1
怆然,0,1
怆恻,0,1
忪,0,1
忸,0,1
忸怩,0,1
怵,0,1
怵然,0,1
怵头,0,1
怛,0,1
怏,0,1
怏然,0,1
怏然不悦,0,1
怏怏,0,1
怏怏不乐,0,1
怍,0,1
怫,0,1
怫然,0,1
怫然不悦,0,1
怫然作色,0,1
恸,0,1
恻,0,1
恻然,0,1
恻隐,0,1
悚然,0,1
悒,0,1
悒闷,0,1
悒郁,0,1
悒郁寡欢,0,1
悒悒不乐,0,1
悛,0,1
悻然,0,1
悻悻,0,1
悻悻然,0,1
惝恍,0,1
惘,0,1
惘然,0,1
惘然若失,0,1
惆,0,1
惆怅,0,1
愠,0,1
愠怒,0,1
愕,0,1
愕然,0,1
愣,0,1
愣神儿,0,1
愣怔,0,1
愣怔怔,0,1
愣住,0,1
惴,0,1
憷,0,1
憷头,0,1
忝,0,1
闵,0,1
渎,0,1
宥,0,1
骞,0,1
嬉笑怒骂,0,1
槁木死灰,0,1
殚,0,1
轸,0,1
戟指,0,1
腼腆,0,1
膈应,0,1
臊,0,1
恝置,0,1
恚,0,1
恚愤,0,1
恚恨,0,1
恚怒,0,1
恧,0,1
愍,0,1
憝,0,1
懑,0,1
瞠目结舌,0,1
瞠然,0,1
詈,0,1
詈骂,0,1
瘅,0,1
矜,0,1
赧,0,1
赧然,0,1
赧颜,0,1
踟,0,1
踟躇,0,1
踟蹰,0,1
踟蹰不前,0,1
蹰,0,1
觖,0,1
觖望,0,1
訾议,0,1
黯然神伤,0,1
黯然销魂,0,1
啰啰唆唆,0,1
啰啰嗦嗦,0,1
啰里啰唆,0,1
啰里啰嗦,0,1
啰唆,0,1
啰嗦,0,1
奓着头发,0,1
婞,0,1
婞直,0,1
崒,0,1
弇陋,0,1
惛,0,1
惼,0,1
梼昧,0,1
獪,0,1
瘆,0,1
瘆得慌,0,1
哀鸿遍野,0,1
矮,0,1
碍难,0,1
碍眼,0,1
爱搭不理,0,1
爱理不理,0,1
暗,0,1
暗暗,0,1
暗沉沉,0,1
暗淡,0,1
暗地,0,1
暗地里,0,1
暗黑,0,1
暗里,0,1
暗昧,0,1
暗弱,0,1
暗无天日,0,1
暗下,0,1
暗中,0,1
暗自,0,1
暗朦,0,1
岸然,0,1
肮里肮脏,0,1
肮脏,0,1
昂贵,0,1
凹凸,0,1
凹凸不平,0,1
傲,0,1
傲岸,0,1
傲慢,0,1
八面玲珑,0,1
跋扈,0,1
霸道,0,1
霸气,0,1
白白,0,1
白痴般,0,1
白搭,0,1
白忙,0,1
白忙活儿,0,1
白衣苍狗,0,1
白云苍狗,0,1
百孔千疮,0,1
败坏,0,1
稗,0,1
板板六十四,0,1
板滞,0,1
半半拉拉,0,1
半路出家,0,1
半新不旧,0,1
半真半假,0,1
薄情,0,1
薄弱,0,1
薄幸,0,1
保残守缺,0,1
保守,0,1
抱残守缺,0,1
暴,0,1
暴烈,0,1
暴虐,0,1
暴躁,0,1
暴戾,0,1
暴戾恣睢,0,1
爆炸性,0,1
悲惨,0,1
悲观,0,1
悲观地,0,1
悲剧,0,1
悲凉,0,1
卑鄙,0,1
卑鄙无耻,0,1
卑贱,0,1
卑劣,0,1
卑陋,0,1
卑怯,0,1
卑俗,0,1
卑琐,0,1
卑微,0,1
卑污,0,1
卑下,0,1
卑猥,0,1
背地,0,1
背地里,0,1
背光,0,1
背后,0,1
背悔,0,1
背静,0,1
背靠背,0,1
背理,0,1
背令,0,1
背人,0,1
背时,0,1
背阴,0,1
被动,0,1
被动式,0,1
被动性,0,1
本本主义,0,1
笨,0,1
笨手笨脚,0,1
笨头笨脑,0,1
笨重,0,1
笨拙,0,1
比肩接踵,0,1
鄙吝,0,1
鄙陋,0,1
鄙俗,0,1
鄙俚,0,1
蔽塞,0,1
闭塞,0,1
必修,0,1
变化不定,0,1
变化多端,0,1
变化万千,0,1
变化无常,0,1
变化无穷,0,1
变幻不定,0,1
变幻莫测,0,1
变幻无常,0,1
变态,0,1
变相,0,1
表里不一,0,1
憋拗,0,1
别别扭扭,0,1
别扭,0,1
别有用心,0,1
冰冷,0,1
冰炭不相容,0,1
秉性剌戾,0,1
病病歪歪,0,1
病弱,0,1
病态,0,1
病歪歪,0,1
病殃殃,0,1
病恹恹,0,1
波谲云诡,0,1
驳杂,0,1
捕风捉影,0,1
不爱交际,0,1
不便,0,1
不辨菽麦,0,1
不才,0,1
不成材,0,1
不成功,0,1
不成话,0,1
不成器,0,1
不成熟,0,1
不成体统,0,1
不成样子,0,1
不打紧,0,1
不大重要,0,1
不当,0,1
不到黄河心不死,0,1
不道德,0,1
不得当,0,1
不得劲,0,1
不得了,0,1
不得体,0,1
不登大雅之堂,0,1
不等,0,1
不端,0,1
不对,0,1
不对茬儿,0,1
不对称,0,1
不对付,0,1
不对劲,0,1
不对头,0,1
不发达,0,1
不法,0,1
不方便,0,1
不分青红皂白,0,1
不分皂白,0,1
不负责任,0,1
不干不净,0,1
不更事,0,1
不公,0,1
不公正,0,1
不共戴天,0,1
不够格,0,1
不够完善,0,1
不够意思,0,1
不关痛痒,0,1
不管三七二十一,0,1
不管用,0,1
不光彩,0,1
不光明,0,1
不规则,0,1
不轨,0,1
不好吃,0,1
不好看,0,1
不好客,0,1
不好卖,0,1
不好使,0,1
不好听,0,1
不好用,0,1
不和,0,1
不和蔼,0,1
不和谐,0,1
不合法,0,1
不合格,0,1
不合理,0,1
不合逻辑,0,1
不合情理,0,1
不合时令,0,1
不合时宜,0,1
不合适,0,1
不合算,0,1
不合宜,0,1
不合语法,0,1
不划算,0,1
不济,0,1
不济事,0,1
不俭省,0,1
不健康,0,1
不洁,0,1
不谨慎,0,1
不近情理,0,1
不近人情,0,1
不尽,0,1
不尽如人意,0,1
不精确,0,1
不敬,0,1
不绝如缕,0,1
不均匀,0,1
不开化,0,1
不堪入耳,0,1
不堪入目,0,1
不堪设想,0,1
不堪一击,0,1
不堪造就,0,1
不科学,0,1
不可爱,0,1
不可补救,0,1
不可读,0,1
不可告人,0,1
不可更新,0,1
不可恢复,0,1
不可降解,0,1
不可接受,0,1
不可救药,0,1
不可理喻,0,1
不可逆转,0,1
不可容忍,0,1
不可收拾,0,1
不可挽回,0,1
不可行,0,1
不可一世,0,1
不可逾越,0,1
不客气,0,1
不宽容,0,1
不郎不秀,0,1
不冷不热,0,1
不理智,0,1
不礼貌,0,1
不利,0,1
不利于健康,0,1
不力,0,1
不良,0,1
不灵敏,0,1
不灵巧,0,1
不流行,0,1
不伦不类,0,1
不美观,0,1
不妙,0,1
不民主,0,1
不明不白,0,1
不明显,0,1
不明智,0,1
不名一文,0,1
不名誉,0,1
不能解救,0,1
不能容忍,0,1
不宁,0,1
不努力,0,1
不平等,0,1
不平衡,0,1
不起眼,0,1
不起眼儿,0,1
不巧,0,1
不切实际,0,1
不清不白,0,1
不清不楚,0,1
不清楚,0,1
不清洁,0,1
不确切,0,1
不仁,0,1
不仁不义,0,1
不人道,0,1
不三不四,0,1
不善,0,1
不善交际,0,1
不善交谈,0,1
不甚重要,0,1
不慎,0,1
不胜,0,1
不适当,0,1
不适宜,0,1
不适应,0,1
不适于居住,0,1
不受欢迎,0,1
不熟练,0,1
不疼不痒,0,1
不体面,0,1
不痛不痒,0,1
不透明,0,1
不透气,0,1
不妥,0,1
不为人知,0,1
不卫生,0,1
不文明,0,1
不文雅,0,1
不稳定,0,1
不问青红皂白,0,1
不问三七二十一,0,1
不问是非情由,0,1
不显眼,0,1
不现实,0,1
不相适应,0,1
不祥,0,1
不详,0,1
不详尽,0,1
不像话,0,1
不消化,0,1
不孝,0,1
不肖,0,1
不协调,0,1
不兴,0,1
不行,0,1
不幸,0,1
不修边幅,0,1
不学无术,0,1
不逊,0,1
不雅,0,1
不雅观,0,1
不雅致,0,1
不要紧,0,1
不一致,0,1
不宜,0,1
不宜居住,0,1
不宜说出口,0,1
不易,0,1
不友好,0,1
不友善,0,1
不择手段,0,1
不真诚,0,1
不真实,0,1
不贞洁,0,1
不正常,0,1
不正当,0,1
不正派,0,1
不正直,0,1
不值得羡慕,0,1
不值一文,0,1
不中用,0,1
不重要,0,1
不周,0,1
不周到,0,1
不注意,0,1
不着边际,0,1
不着调,0,1
不足道,0,1
不足挂齿,0,1
不足轻重,0,1
不足取,0,1
不足为外人道,0,1
不足为训,0,1
不羁,0,1
不稂不莠,0,1
不虔诚,0,1
才疏学浅,0,1
财迷心窍,0,1
残,0,1
残败,0,1
残暴,0,1
残毒,0,1
残酷,0,1
残酷无情,0,1
残虐,0,1
残破,0,1
残破不全,0,1
残缺,0,1
残缺不全,0,1
残忍,0,1
残损,0,1
惨,0,1
惨不忍睹,0,1
惨毒,0,1
惨绝人寰,0,1
惨苦,0,1
惨厉,0,1
惨无人道,0,1
苍白,0,1
苍白无力,0,1
苍凉,0,1
苍茫,0,1
操切,0,1
糙,0,1
草,0,1
草草,0,1
草荒,0,1
草率,0,1
草木皆兵,0,1
策略,0,1
策略性,0,1
差,0,1
差点儿,0,1
差劲,0,1
差可,0,1
豺狼成性,0,1
豺狼当道,0,1
缠手,0,1
颤颤巍巍,0,1
颤颤悠悠,0,1
颤巍巍,0,1
猖,0,1
猖狂,0,1
长长短短,0,1
长篇大论,0,1
长篇累牍,0,1
长线,0,1
超标,0,1
超常,0,1
超然,0,1
超重,0,1
朝不保夕,0,1
朝不谋夕,0,1
朝秦暮楚,0,1
朝三暮四,0,1
潮,0,1
吵吵闹闹,0,1
吵人,0,1
沉滞,0,1
陈,0,1
陈腐,0,1
陈旧,0,1
成事不足，败事有余,0,1
逞性,0,1
逞性子,0,1
吃不开,0,1
吃劲,0,1
吃力,0,1
吃重,0,1
痴痴,0,1
痴呆,0,1
痴呆呆,0,1
痴傻,0,1
痴愚,0,1
迟钝,0,1
侈,0,1
侈靡,0,1
侈糜,0,1
赤地千里,0,1
赤裸裸淫秽,0,1
赤贫,0,1
充满危机,0,1
冲昏头脑,0,1
丑,0,1
丑恶,0,1
丑陋,0,1
臭,0,1
臭不可闻,0,1
臭哄哄,0,1
臭烘烘,0,1
臭名远扬,0,1
臭名昭彰,0,1
臭名昭著,0,1
臭气冲天,0,1
臭气熏天,0,1
臭味,0,1
初出茅庐,0,1
出手阔气,0,1
触目惊心,0,1
穿不出去,0,1
穿不得,0,1
串秧儿,0,1
疮痍满目,0,1
蠢,0,1
蠢笨,0,1
蠢头蠢脑,0,1
刺鼻,0,1
刺耳,0,1
次,0,1
次等,0,1
从动,0,1
从心所欲,0,1
从严,0,1
从重,0,1
粗,0,1
粗暴,0,1
粗笨,0,1
粗鄙,0,1
粗糙,0,1
粗拉,0,1
粗里粗气,0,1
粗劣,0,1
粗陋,0,1
粗鲁,0,1
粗率,0,1
粗蛮,0,1
粗莽,0,1
粗浅,0,1
粗涩,0,1
粗手笨脚,0,1
粗疏,0,1
粗俗,0,1
粗线条,0,1
粗心,0,1
粗心大意,0,1
粗野,0,1
粗枝大叶,0,1
粗制滥造,0,1
粗重,0,1
粗拙,0,1
促狭,0,1
脆弱,0,1
村气,0,1
村野,0,1
寸草不生,0,1
错,0,1
错乱,0,1
错误,0,1
错误百出,0,1
错杂,0,1
错综,0,1
错综复杂,0,1
大错而特错,0,1
大错特错,0,1
大大咧咧,0,1
大而笨拙,0,1
大而化之,0,1
大而无当,0,1
大海捞针,0,1
大面额,0,1
大谬不然,0,1
大手大脚,0,1
大肆,0,1
大摇大摆,0,1
大意,0,1
大咧咧,0,1
呆板,0,1
呆笨,0,1
呆痴,0,1
呆呆,0,1
呆钝,0,1
呆气,0,1
呆傻,0,1
呆头呆脑,0,1
歹,0,1
歹毒,0,1
带有敌意,0,1
殆,0,1
怠惰,0,1
单,0,1
单薄,0,1
单调,0,1
单调枯燥,0,1
单弱,0,1
胆怯,0,1
胆小,0,1
胆小怕事,0,1
胆小如鼠,0,1
淡,0,1
淡薄,0,1
淡淡,0,1
淡而无味,0,1
淡漠,0,1
淡然,0,1
诞,0,1
荡,0,1
刀光剑影,0,1
蹈常袭故,0,1
倒胃口,0,1
道德败坏,0,1
道貌岸然,0,1
德行,0,1
德性,0,1
得寸进尺,0,1
得陇望蜀,0,1
得鱼忘筌,0,1
灯红酒绿,0,1
灯火阑珊,0,1
等而下之,0,1
等外,0,1
等因奉此,0,1
低,0,1
低卑,0,1
低标准,0,1
低层,0,1
低档,0,1
低等,0,1
低端,0,1
低级,0,1
低贱,0,1
低劣,0,1
低迷,0,1
低能,0,1
低人一等,0,1
低三下四,0,1
低声下气,0,1
低俗,0,1
低下,0,1
低效,0,1
低效能,0,1
低值,0,1
低智,0,1
低质,0,1
滴里嘟噜,0,1
敌对,0,1
地位低下,0,1
地下,0,1
地狱般,0,1
颠倒,0,1
颠连,0,1
颠三倒四,0,1
凋敝,0,1
刁,0,1
刁恶,0,1
刁悍,0,1
刁滑,0,1
刁赖,0,1
刁蛮,0,1
刁钻,0,1
刁钻古怪,0,1
吊儿郎当,0,1
调皮,0,1
鼎沸,0,1
丢魂,0,1
丢脸,0,1
丢三落四,0,1
东倒西歪,0,1
冬烘,0,1
动荡,0,1
动荡不安,0,1
动魄惊心,0,1
动作迟顿,0,1
毒,0,1
毒辣,0,1
独裁,0,1
独断,0,1
度量小,0,1
短浅,0,1
短视,0,1
钝,0,1
多变,0,1
多病,0,1
多事,0,1
多义,0,1
多余,0,1
惰,0,1
惰性,0,1
讹,0,1
恶毒,0,1
恶贯满盈,0,1
恶狠狠,0,1
恶劣,0,1
恶煞煞,0,1
恶心,0,1
恶浊,0,1
饿殍遍野,0,1
耳生,0,1
二把刀,0,1
二手,0,1
二五眼,0,1
发狂,0,1
发腻,0,1
发育不全,0,1
乏,0,1
乏味,0,1
翻手为云，覆手为雨,0,1
翻云覆雨,0,1
繁复,0,1
繁乱,0,1
繁难,0,1
繁冗,0,1
繁琐,0,1
繁芜,0,1
繁杂,0,1
繁重,0,1
繁缛,0,1
烦难,0,1
烦冗,0,1
烦琐,0,1
烦嚣,0,1
反,0,1
反常,0,1
反对称,0,1
反反复复,0,1
反复无常,0,1
反面,0,1
反叛,0,1
反社会,0,1
犯有罪行,0,1
饭桶,0,1
泛,0,1
泛泛,0,1
放诞,0,1
放荡,0,1
放荡不羁,0,1
放浪,0,1
放肆,0,1
放纵,0,1
菲薄,0,1
非,0,1
非法,0,1
非分,0,1
非婚生,0,1
非礼,0,1
非人,0,1
非生产性,0,1
非正常,0,1
非正统,0,1
非正义,0,1
废,0,1
废弛,0,1
废旧,0,1
废物,0,1
沸沸扬扬,0,1
费,0,1
费工夫,0,1
费功夫,0,1
费劲,0,1
费力,0,1
费时,0,1
费事,0,1
纷,0,1
纷繁,0,1
纷乱,0,1
纷扰,0,1
纷杂,0,1
封闭,0,1
封闭式,0,1
封闭型,0,1
封建,0,1
锋芒毕露,0,1
风吹日晒,0,1
风刀霜剑,0,1
风骚,0,1
风声鹤唳,0,1
风雨飘摇,0,1
疯疯癫癫,0,1
疯狂,0,1
疯狂般,0,1
疯癫癫,0,1
否,0,1
否定,0,1
肤泛,0,1
肤皮潦草,0,1
肤浅,0,1
浮,0,1
浮泛,0,1
浮光掠影,0,1
浮滑,0,1
浮皮蹭痒,0,1
浮漂,0,1
浮浅,0,1
浮躁,0,1
浮噪,0,1
腐败,0,1
腐败堕落,0,1
腐臭,0,1
腐恶,0,1
腐化,0,1
腐化堕落,0,1
腐旧,0,1
腐烂,0,1
腐朽,0,1
腐朽没落,0,1
覆雨翻云,0,1
复,0,1
复合,0,1
复合式,0,1
复合型,0,1
复杂,0,1
复杂多变,0,1
傅会,0,1
负,0,1
负面,0,1
富余,0,1
附会,0,1
嘎,0,1
该死,0,1
概念化,0,1
干,0,1
干巴,0,1
干巴巴,0,1
干瘪,0,1
干瘪瘪,0,1
干干巴巴,0,1
干燥,0,1
赶尽杀绝,0,1
刚愎,0,1
刚愎自用,0,1
高昂,0,1
高傲,0,1
高不成，低不就,0,1
高不成低不就,0,1
高成本,0,1
高价,0,1
高价位,0,1
高难,0,1
高难度,0,1
高压,0,1
疙疙瘩瘩,0,1
疙里疙瘩,0,1
隔靴搔痒,0,1
勾心斗角,0,1
苟且,0,1
狗眼看人,0,1
垢,0,1
够呛,0,1
够戗,0,1
孤,0,1
孤傲,0,1
孤傲不群,0,1
孤单,0,1
孤单单,0,1
孤独,0,1
孤孤单单,0,1
孤寡,0,1
孤寂,0,1
孤立,0,1
孤立无援,0,1
孤零零,0,1
孤陋寡闻,0,1
孤僻,0,1
古怪,0,1
古旧,0,1
古里古怪,0,1
固定不变,0,1
固执,0,1
寡,0,1
寡淡,0,1
寡断,0,1
寡了叭叽,0,1
寡情,0,1
寡味,0,1
寡言,0,1
寡言少语,0,1
挂漏,0,1
挂名,0,1
挂一漏万,0,1
乖谬,0,1
乖僻,0,1
乖张,0,1
乖剌,0,1
乖戾,0,1
怪里怪气,0,1
怪僻,0,1
官僚,0,1
官僚主义,0,1
光怪陆离,0,1
鬼鬼祟祟,0,1
鬼计多端,0,1
鬼头鬼脑,0,1
诡,0,1
诡计多端,0,1
诡秘,0,1
诡诈,0,1
诡谲,0,1
过当,0,1
过分简单化,0,1
过分拥挤,0,1
过河拆桥,0,1
过了气,0,1
过气,0,1
过桥抽板,0,1
过时,0,1
哈喇,0,1
孩子气,0,1
海底捞月,0,1
海底捞针,0,1
害,0,1
骇人听闻,0,1
含含糊糊,0,1
含含混混,0,1
含糊,0,1
含糊不清,0,1
含糊其辞,0,1
含糊其词,0,1
含混,0,1
含混不清,0,1
寒苦,0,1
寒素,0,1
寒酸,0,1
寒微,0,1
寒伧,0,1
寒碜,0,1
悍然,0,1
豪侈,0,1
豪横,0,1
豪强,0,1
豪奢,0,1
毫不客气,0,1
毫不留情,0,1
毫无价值,0,1
毫无目标,0,1
毫无意义,0,1
毫无用处,0,1
好不容易,0,1
好容易,0,1
好事多磨,0,1
黑,0,1
黑暗,0,1
黑沉沉,0,1
黑灯瞎火,0,1
黑洞洞,0,1
黑咕隆咚,0,1
黑乎乎,0,1
黑茫茫,0,1
黑蒙蒙,0,1
黑漆寥光,0,1
黑漆漆,0,1
黑森森,0,1
黑心,0,1
黑心肠,0,1
黑黝黝,0,1
黑黢黢,0,1
狠毒,0,1
狠劲,0,1
狠心,0,1
横,0,1
横暴,0,1
横加,0,1
横蛮无理,0,1
横七竖八,0,1
哄然,0,1
猴,0,1
后患无穷,0,1
后进,0,1
呼幺喝六,0,1
胡,0,1
胡里胡涂,0,1
胡乱,0,1
胡子拉茬,0,1
胡子拉碴,0,1
糊糊涂涂,0,1
糊里糊涂,0,1
糊涂,0,1
虎踞龙蟠,0,1
虎头蛇尾,0,1
花插着,0,1
花搭着,0,1
花花搭搭,0,1
花里胡哨,0,1
花钱浪费,0,1
花拳绣腿,0,1
花天酒地,0,1
花心,0,1
哗然,0,1
华而不实,0,1
猾,0,1
滑头,0,1
滑头滑脑,0,1
怀着恶意,0,1
坏,0,1
坏脾气,0,1
坏人当道,0,1
幻,0,1
幻异,0,1
荒诞,0,1
荒诞不经,0,1
荒诞派,0,1
荒诞无稽,0,1
荒寂,0,1
荒凉,0,1
荒乱,0,1
荒落,0,1
荒谬,0,1
荒谬绝伦,0,1
荒漠,0,1
荒僻,0,1
荒弃,0,1
荒疏,0,1
荒唐,0,1
荒唐无稽,0,1
荒无人烟,0,1
荒芜,0,1
荒淫,0,1
荒淫无耻,0,1
荒淫无度,0,1
荒瘠,0,1
黄色,0,1
晃晃悠悠,0,1
晃悠悠,0,1
恍恍惚惚,0,1
恍惚,0,1
谎,0,1
灰暗,0,1
灰沉沉,0,1
灰茫茫,0,1
灰蒙蒙,0,1
灰色,0,1
灰秃秃,0,1
灰朦朦,0,1
慧黠,0,1
晦,0,1
晦暗,0,1
晦涩,0,1
晦冥,0,1
晦暝,0,1
秽,0,1
秽恶,0,1
秽乱,0,1
秽土,0,1
秽亵,0,1
会来事,0,1
昏,0,1
昏暗,0,1
昏沉,0,1
昏黑,0,1
昏乱,0,1
昏昧,0,1
昏天黑地,0,1
昏头昏脑,0,1
昏庸,0,1
昏愦,0,1
昏聩,0,1
婚外,0,1
浑,0,1
浑浑噩噩,0,1
浑头浑脑,0,1
浑浊,0,1
浑噩,0,1
混,0,1
混合,0,1
混混沌沌,0,1
混交,0,1
混乱,0,1
混淆不清,0,1
混血,0,1
混账,0,1
混浊,0,1
混沌,0,1
活动,0,1
祸不单行,0,1
祸从天降,0,1
机变,0,1
机械,0,1
机械式,0,1
机械性,0,1
畸,0,1
畸轻畸重,0,1
畸形,0,1
积满灰尘,0,1
积重难返,0,1
鸡零狗碎,0,1
鸡毛蒜皮,0,1
鸡犬不留,0,1
鸡犬不宁,0,1
棘手,0,1
急不可待,0,1
急功近利,0,1
急切,0,1
急性子,0,1
急于,0,1
急躁,0,1
疾言厉色,0,1
挤,0,1
挤巴,0,1
挤得水泄不通,0,1
挤得要命,0,1
挤挤插插,0,1
挤满,0,1
寂寥,0,1
寂寞,0,1
忌刻,0,1
夹七夹八,0,1
家长式,0,1
家贫如洗,0,1
家徒壁立,0,1
家徒四壁,0,1
假,0,1
假冒,0,1
假模假式,0,1
假仁假义,0,1
假想,0,1
假惺惺,0,1
假意,0,1
假造,0,1
假正经,0,1
假装神圣,0,1
价高,0,1
价格不菲,0,1
价格高昂,0,1
架空,0,1
尖刻,0,1
尖酸,0,1
尖酸刻薄,0,1
尖嘴薄舌,0,1
尖嘴猴腮,0,1
间不容发,0,1
间杂,0,1
肩摩毂击,0,1
艰,0,1
艰巨,0,1
艰苦,0,1
艰苦卓绝,0,1
艰难,0,1
艰难曲折,0,1
艰难险阻,0,1
艰涩,0,1
艰深,0,1
艰危,0,1
艰辛,0,1
奸,0,1
奸刁,0,1
奸恶,0,1
奸猾,0,1
奸险,0,1
奸邪,0,1
奸诈,0,1
奸佞,0,1
简陋,0,1
简慢,0,1
见不得人,0,1
见风使舵,0,1
见风转舵,0,1
见识短浅,0,1
见异思迁,0,1
剑拔弩张,0,1
僵,0,1
僵化,0,1
僵硬,0,1
胶柱鼓瑟,0,1
浇薄,0,1
浇漓,0,1
骄,0,1
骄傲,0,1
骄傲自满,0,1
骄横,0,1
骄慢,0,1
骄气,0,1
骄人,0,1
骄奢淫逸,0,1
骄纵,0,1
骄矜,0,1
娇痴,0,1
娇贵,0,1
娇憨,0,1
娇嫩,0,1
娇气,0,1
娇弱,0,1
娇生惯养,0,1
矫情,0,1
矫情造作,0,1
矫揉造作,0,1
侥,0,1
狡,0,1
狡猾,0,1
狡计多端,0,1
狡兔三窟,0,1
狡诈,0,1
狡狯,0,1
狡黠,0,1
揭不开锅,0,1
竭蹶,0,1
洁身自好,0,1
结结巴巴,0,1
斤斤计较,0,1
金刚努目,0,1
紧,0,1
紧巴,0,1
紧巴巴,0,1
近视,0,1
荆棘载途,0,1
惊爆,0,1
惊人,0,1
惊天动地,0,1
惊险,0,1
精力枯竭,0,1
精神不振,0,1
精神溜号,0,1
经济拮据,0,1
经验不足,0,1
静僻,0,1
净余,0,1
窘促,0,1
窘急,0,1
窘困,0,1
窘涩,0,1
旧,0,1
旧式,0,1
拘,0,1
拘礼,0,1
拘执,0,1
狙,0,1
拒人于千里之外,0,1
剧毒,0,1
倔,0,1
倔强,0,1
倔头倔脑,0,1
倔犟,0,1
绝,0,1
绝情,0,1
峻,0,1
开小差,0,1
坎坷,0,1
坎坷不平,0,1
看风使舵,0,1
糠,0,1
亢,0,1
靠不住,0,1
苛,0,1
苛刻,0,1
磕磕绊绊,0,1
磕头碰脑,0,1
可悲,0,1
可鄙,0,1
可怖,0,1
可耻,0,1
可恶,0,1
可骇,0,1
可恨,0,1
可惊,0,1
可怕,0,1
可叹,0,1
可有可无,0,1
可憎,0,1
刻板,0,1
刻薄,0,1
刻毒,0,1
刻舟求剑,0,1
坑坑洼洼,0,1
坑洼,0,1
坑洼不平,0,1
空,0,1
空洞,0,1
空洞洞,0,1
空洞无聊,0,1
空洞无物,0,1
空乏,0,1
空泛,0,1
空幻,0,1
空空洞洞,0,1
空落落,0,1
空头,0,1
空虚,0,1
空中楼阁,0,1
恐怖,0,1
抠,0,1
抠门儿,0,1
抠搜,0,1
抠唆,0,1
口蜜腹剑,0,1
口是心非,0,1
口头上,0,1
枯,0,1
枯寂,0,1
枯涩,0,1
枯燥,0,1
枯燥乏味,0,1
枯燥无味,0,1
枯槁,0,1
苦不唧,0,1
苦口,0,1
酷烈,0,1
酷虐,0,1
夸诞,0,1
狂,0,1
狂傲,0,1
狂暴,0,1
狂荡,0,1
狂妄,0,1
狂妄自大,0,1
狂躁,0,1
狂悖,0,1
狂恣,0,1
困顿,0,1
困苦,0,1
困难,0,1
困难重重,0,1
困人,0,1
阔绰,0,1
阔气,0,1
拉忽,0,1
拉拉杂杂,0,1
拉杂,0,1
辣,0,1
辣手,0,1
来路不明,0,1
来之不易,0,1
赖皮,0,1
懒,0,1
懒到极点,0,1
懒惰,0,1
懒散,0,1
烂,0,1
滥,0,1
狼狈,0,1
狼狈不堪,0,1
狼籍,0,1
狼藉,0,1
狼心狗肺,0,1
浪,0,1
浪荡,0,1
劳而无功,0,1
老,0,1
老大难,0,1
老掉牙,0,1
老赶,0,1
老虎屁股摸不得,0,1
老奸巨猾,0,1
老奸巨滑,0,1
老派,0,1
老气,0,1
老气横秋,0,1
老弱病残,0,1
老式,0,1
老朽,0,1
累卵,0,1
累赘,0,1
累牍连篇,0,1
肋脦,0,1
冷,0,1
冷冰冰,0,1
冷峻,0,1
冷酷,0,1
冷酷无情,0,1
冷冷,0,1
冷冷清清,0,1
冷厉,0,1
冷落,0,1
冷门,0,1
冷漠,0,1
冷峭,0,1
冷清,0,1
冷清清,0,1
冷若冰霜,0,1
冷销,0,1
冷血,0,1
冷噤,0,1
离索,0,1
离题,0,1
离心离德,0,1
理亏,0,1
理屈,0,1
理屈词穷,0,1
理由不充分,0,1
里出外进,0,1
厉,0,1
厉害,0,1
厉声,0,1
利令智昏,0,1
利已,0,1
利欲熏心,0,1
哩哩啦啦,0,1
哩哩罗罗,0,1
哩溜歪斜,0,1
连篇累牍,0,1
良莠不齐,0,1
两面光,0,1
两面三刀,0,1
寥,0,1
寥寂,0,1
潦草,0,1
了不得,0,1
了不起,0,1
烈性子,0,1
劣,0,1
劣等,0,1
劣质,0,1
劣中之劣,0,1
鳞状,0,1
凛,0,1
凛凛,0,1
凛然,0,1
吝,0,1
吝啬,0,1
零,0,1
零丁,0,1
零零散散,0,1
零零碎碎,0,1
零乱,0,1
零落,0,1
零七八碎,0,1
零散,0,1
零碎,0,1
零星,0,1
伶仃,0,1
凌乱,0,1
凌杂,0,1
令人不安,0,1
令人齿冷,0,1
令人恶心,0,1
令人发指,0,1
令人费解,0,1
令人寒心,0,1
令人敬畏,0,1
令人困倦,0,1
令人毛骨悚然,0,1
令人恼火,0,1
令人疲倦,0,1
令人生气,0,1
令人生厌,0,1
令人讨厌,0,1
令人厌恶,0,1
令人厌倦,0,1
令人遗憾,0,1
令人折断腰,0,1
令人窒息,0,1
令人作呕,0,1
溜号,0,1
流里流气,0,1
流气,0,1
六亲不认,0,1
娄,0,1
漏洞百出,0,1
鲁,0,1
鲁钝,0,1
鲁莽,0,1
碌,0,1
碌碌,0,1
碌碌无为,0,1
驴唇不对马嘴,0,1
率尔,0,1
率然,0,1
乱成一团,0,1
乱纷纷,0,1
乱哄哄,0,1
乱烘烘,0,1
乱乎,0,1
乱了营,0,1
乱乱哄哄,0,1
乱虐并生,0,1
乱蓬蓬,0,1
乱七八糟,0,1
乱套,0,1
乱腾,0,1
乱腾腾,0,1
乱杂,0,1
乱糟糟,0,1
乱真,0,1
乱嘈嘈,0,1
落后,0,1
落落寡合,0,1
落寞,0,1
落市,0,1
落俗套,0,1
落套,0,1
落拓,0,1
落伍,0,1
麻,0,1
麻痹,0,1
麻烦,0,1
麻麻黑,0,1
麻木,0,1
麻木不仁,0,1
马虎,0,1
马马虎虎,0,1
卖不掉,0,1
卖不动,0,1
蛮,0,1
蛮不讲理,0,1
蛮悍,0,1
蛮横,0,1
蛮横无理,0,1
蛮荒,0,1
满脸横肉,0,1
满目疮痍,0,1
漫,0,1
漫不经心,0,1
漫不经意,0,1
漫无边际,0,1
漫无目标,0,1
漫无目的,0,1
漫漶,0,1
谩,0,1
茫,0,1
茫茫,0,1
茫茫然,0,1
盲目,0,1
盲人瞎马,0,1
莽,0,1
莽苍,0,1
莽莽苍苍,0,1
莽莽撞撞,0,1
莽撞,0,1
猫哭老鼠,0,1
毛,0,1
毛糙,0,1
毛毛躁躁,0,1
毛手毛脚,0,1
毛头毛脑,0,1
毛躁,0,1
冒,0,1
冒牌,0,1
冒失,0,1
冒险,0,1
冒有风险,0,1
貌似强大,0,1
貌似真实的,0,1
贸贸然,0,1
贸然,0,1
没边儿,0,1
没出息,0,1
没骨头,0,1
没关系,0,1
没好气,0,1
没见过世面,0,1
没教养,0,1
没劲,0,1
没理,0,1
没礼貌,0,1
没良心,0,1
没两下子,0,1
没轻没重,0,1
没什么了不得,0,1
没什么了不起,0,1
没受过教育,0,1
没头没脑,0,1
没头脑,0,1
没味,0,1
没心没肺,0,1
没心眼儿,0,1
没用,0,1
没有教养,0,1
没有礼貌,0,1
没有头脑,0,1
没有学问,0,1
没有勇气,0,1
媚俗,0,1
闷气,0,1
蒙昧,0,1
蒙蒙,0,1
蒙蒙胧胧,0,1
蒙胧,0,1
孟浪,0,1
靡丽,0,1
靡靡,0,1
糜,0,1
糜烂,0,1
迷濛,0,1
迷宫般,0,1
迷糊,0,1
迷离,0,1
迷离扑朔,0,1
迷离倘恍,0,1
迷漫,0,1
迷茫,0,1
迷蒙,0,1
迷蒙蒙,0,1
迷迷糊糊,0,1
迷迷茫茫,0,1
迷迷蒙蒙,0,1
迷迷怔怔,0,1
弥天,0,1
米珠薪桂,0,1
秘,0,1
秘密,0,1
密不透风,0,1
绵里藏针,0,1
绵软,0,1
勉勉强强,0,1
勉强,0,1
面呈病色,0,1
面黄肌瘦,0,1
面目可憎,0,1
面目狰狞,0,1
面色蜡黄,0,1
面生,0,1
面无表情,0,1
藐小,0,1
渺,0,1
渺茫,0,1
渺渺,0,1
渺然,0,1
渺若烟云,0,1
渺小,0,1
灭绝人性,0,1
明哲保身,0,1
名不副实,0,1
名过其实,0,1
名义,0,1
名义上,0,1
名誉扫地,0,1
命苦,0,1
谬,0,1
模糊,0,1
模糊不清,0,1
模棱两可,0,1
摩肩接踵,0,1
魔鬼般,0,1
魔怔,0,1
莫须有,0,1
墨,0,1
漠,0,1
漠不关心,0,1
漠漠,0,1
漠然,0,1
寞,0,1
陌生,0,1
暮气,0,1
暮气沉沉,0,1
暮色苍茫,0,1
幕后,0,1
木,0,1
木雕泥塑,0,1
木头木脑,0,1
木讷,0,1
目不识丁,0,1
目光短浅,0,1
目光如豆,0,1
目光凶狠,0,1
目空一切,0,1
目无余子,0,1
目中无人,0,1
拿腔拿调,0,1
拿腔作势,0,1
奶声奶气,0,1
男盗女娼,0,1
难吃,0,1
难看,0,1
难人,0,1
难上加难,0,1
难上难,0,1
难说话,0,1
难听,0,1
难闻,0,1
难相处,0,1
难驯服,0,1
难以,0,1
难以沟通,0,1
囊空如洗,0,1
囊中羞涩,0,1
闹,0,1
闹得慌,0,1
闹哄哄,0,1
闹闹哄哄,0,1
闹闹嚷嚷,0,1
闹嚷嚷,0,1
嫩,0,1
泥沙俱下,0,1
你死我活,0,1
匿名,0,1
腻人,0,1
逆,0,1
逆耳,0,1
蔫儿坏,0,1
蔫头耷脑,0,1
拈轻怕重,0,1
年久失修,0,1
鸟尽弓藏,0,1
狞,0,1
狞恶,0,1
凝滞,0,1
泞,0,1
牛,0,1
牛气,0,1
扭扭捏捏,0,1
奴颜婢膝,0,1
虐,0,1
懦,0,1
懦怯,0,1
懦弱,0,1
盘根错节,0,1
盘陁,0,1
庞杂,0,1
旁若无人,0,1
配不上,0,1
蓬乱,0,1
蓬散,0,1
蓬首垢面,0,1
蓬头垢面,0,1
蓬头散发,0,1
脾气暴,0,1
脾气爆躁,0,1
脾气坏,0,1
脾气火暴,0,1
脾气急躁,0,1
皮,0,1
皮毛,0,1
皮相,0,1
僻,0,1
僻静,0,1
偏激,0,1
偏颇,0,1
偏听偏信,0,1
偏狭,0,1
偏斜,0,1
偏心,0,1
偏心眼,0,1
片断,0,1
片面,0,1
骗人,0,1
漂浮,0,1
贫,0,1
贫寒,0,1
贫苦,0,1
贫困,0,1
贫穷,0,1
贫瘠,0,1
平白,0,1
平白无故,0,1
平淡,0,1
平淡无奇,0,1
平淡无味,0,1
平铺直叙,0,1
平铺直序,0,1
凭白无故,0,1
凭空,0,1
坡,0,1
泼,0,1
婆婆妈妈,0,1
破,0,1
破败,0,1
破坏性,0,1
破旧,0,1
破烂不堪,0,1
破陋,0,1
扑朔迷离,0,1
铺张,0,1
铺张浪费,0,1
欺诈性,0,1
七零八落,0,1
凄,0,1
凄惨,0,1
凄楚,0,1
凄寒,0,1
凄寂,0,1
凄苦,0,1
凄冷,0,1
凄厉,0,1
凄凉,0,1
凄迷,0,1
凄怆,0,1
漆黑,0,1
漆黑一团,0,1
其貌不扬,0,1
奇丑无比,0,1
奇形怪状,0,1
崎,0,1
崎岖,0,1
崎岖不平,0,1
起绉,0,1
起褶子,0,1
岂有此理,0,1
气粗,0,1
气闷,0,1
气盛,0,1
气势汹汹,0,1
气壮如牛,0,1
千变万化,0,1
千疮百孔,0,1
千金一掷,0,1
千钧一发,0,1
千篇一律,0,1
前呼后拥,0,1
潜,0,1
浅薄,0,1
浅尝辄止,0,1
浅陋,0,1
欠妥,0,1
欠完善,0,1
欠周到,0,1
强暴,0,1
强横,0,1
强行,0,1
强制,0,1
强制性,0,1
巧黠,0,1
翘尾巴,0,1
峭,0,1
峭直,0,1
怯懦,0,1
怯然,0,1
怯弱,0,1
怯生生,0,1
窃,0,1
禽兽不如,0,1
轻薄,0,1
轻淡,0,1
轻浮,0,1
轻贱,0,1
轻狂,0,1
轻率,0,1
轻描淡写,0,1
轻佻,0,1
倾斜,0,1
清高,0,1
清寒,0,1
清苦,0,1
清冷,0,1
清贫,0,1
穷,0,1
穷乏,0,1
穷极潦倒,0,1
穷苦,0,1
穷困,0,1
穷困潦倒,0,1
穷奢极侈,0,1
穷奢极欲,0,1
穷酸,0,1
穷途潦倒,0,1
穷途末路,0,1
穷凶极恶,0,1
穷匮,0,1
囚首垢面,0,1
区区,0,1
曲曲折折,0,1
曲折,0,1
屈才,0,1
屈理,0,1
犬牙交错,0,1
缺,0,1
缺德,0,1
缺乏才智,0,1
缺乏教养,0,1
缺乏绅士风度,0,1
缺乏幽默,0,1
缺心眼,0,1
缺心眼儿,0,1
群魔乱舞,0,1
攘攘,0,1
扰扰,0,1
绕脖子,0,1
人不为己，天诛地灭,0,1
人不知，鬼不觉,0,1
人声鼎沸,0,1
人声嘈杂,0,1
人头攒动,0,1
人为财死，鸟为食亡,0,1
任重道远,0,1
任纵,0,1
认死理,0,1
认死理儿,0,1
冗,0,1
冗长,0,1
冗余,0,1
冗赘,0,1
柔弱,0,1
肉,0,1
肉了叭叽,0,1
肉麻,0,1
如临大敌,0,1
如临深渊,0,1
如履薄冰,0,1
乳臭未干,0,1
软绵绵,0,1
软弱,0,1
软弱无力,0,1
若明若暗,0,1
若隐若现,0,1
弱,0,1
弱不禁风,0,1
弱不胜衣,0,1
弱势,0,1
弱小,0,1
弱智,0,1
三天打鱼两天晒网,0,1
散,0,1
散乱,0,1
散漫,0,1
嗓子不好,0,1
丧尽天良,0,1
丧心病狂,0,1
骚,0,1
骚乱性,0,1
色厉内荏,0,1
色迷迷,0,1
色情,0,1
涩,0,1
涩苦,0,1
涩滞,0,1
森,0,1
杀气腾腾,0,1
杀人不见血,0,1
杀人不眨眼,0,1
杀人如麻,0,1
傻,0,1
傻呵呵,0,1
傻乎乎,0,1
傻里瓜唧,0,1
傻里傻气,0,1
傻头傻脑,0,1
山南海北,0,1
山穷水尽,0,1
闪烁,0,1
伤风败俗,0,1
伤脑筋,0,1
伤天害理,0,1
伤心惨目,0,1
少不更事,0,1
奢,0,1
奢侈,0,1
奢华,0,1
奢靡,0,1
奢糜,0,1
蛇蝎心肠,0,1
涉世不深,0,1
身无分文,0,1
深重,0,1
神不知，鬼不觉,0,1
神不知鬼不觉,0,1
神秘,0,1
神气活现,0,1
神气十足,0,1
神神秘秘,0,1
神志委靡,0,1
声名狼藉,0,1
声色俱厉,0,1
生,0,1
生拉硬拽,0,1
生涩,0,1
生疏,0,1
生硬,0,1
盛气凌人,0,1
剩余,0,1
失常,0,1
失当,0,1
失检,0,1
失礼,0,1
失落,0,1
失去理性,0,1
失慎,0,1
失实,0,1
失宜,0,1
十恶不赦,0,1
十室九空,0,1
什,0,1
什锦,0,1
食而不化,0,1
食而不知其味,0,1
食古不化,0,1
实属不易,0,1
使不得,0,1
使人疲劳,0,1
世故,0,1
世情冷暖,0,1
世俗,0,1
世态炎凉,0,1
誓不两立,0,1
势不两立,0,1
势利,0,1
势利眼,0,1
嗜杀成性,0,1
嗜血,0,1
嗜血成性,0,1
恃才傲物,0,1
手脚不干净,0,1
手紧,0,1
手生,0,1
手头紧,0,1
手无缚鸡之力,0,1
守旧,0,1
守株待兔,0,1
瘦,0,1
瘦弱,0,1
输理,0,1
疏忽,0,1
疏懒,0,1
疏松,0,1
书生气,0,1
鼠胆,0,1
鼠目寸光,0,1
数不上,0,1
数不着,0,1
衰弱,0,1
衰颓,0,1
水火不相容,0,1
水泄不通,0,1
水性杨花,0,1
水中捞月,0,1
瞬息万变,0,1
说不过去,0,1
说来话长,0,1
斯文扫地,0,1
私,0,1
私底下,0,1
私密,0,1
私下,0,1
私下里,0,1
私自,0,1
死,0,1
死板,0,1
死板板,0,1
死沉沉,0,1
死脑筋,0,1
死气沉沉,0,1
死去活来,0,1
死死,0,1
死心塌地,0,1
死心眼,0,1
死心眼儿,0,1
死性,0,1
死一般,0,1
死硬,0,1
死有余辜,0,1
肆,0,1
肆无忌惮,0,1
肆意,0,1
四大皆空,0,1
四面楚歌,0,1
似,0,1
似乎,0,1
似是而非,0,1
松垮,0,1
松垮垮,0,1
松散,0,1
松散散,0,1
松松垮垮,0,1
耸人听闻,0,1
酥,0,1
酥软,0,1
酥松,0,1
俗,0,1
俗气,0,1
素不相识,0,1
素昧平生,0,1
肃,0,1
肃杀,0,1
酸不溜丢,0,1
酸臭,0,1
酸刻,0,1
酸涩,0,1
随风倒,0,1
随风使舵,0,1
随风转舵,0,1
随随便便,0,1
随心所欲,0,1
碎,0,1
祟,0,1
损,0,1
损人利己,0,1
琐,0,1
琐碎,0,1
琐细,0,1
琐屑,0,1
索,0,1
索然,0,1
索然乏味,0,1
索然寡味,0,1
索然无味,0,1
所谓,0,1
太随便,0,1
太虚,0,1
贪得无厌,0,1
贪婪,0,1
贪心,0,1
贪心不足,0,1
瘫软,0,1
谈何容易,0,1
唐突,0,1
烫手,0,1
淘,0,1
淘气,0,1
淘神,0,1
特困,0,1
特贫,0,1
体力不支,0,1
体弱,0,1
体衰,0,1
天昏地暗,0,1
天南地北,0,1
天南海北,0,1
恬淡,0,1
腆,0,1
挑逗性,0,1
铁杆儿,0,1
铁公鸡一毛不拔,0,1
铁石心肠,0,1
铁血,0,1
听天由命,0,1
偷,0,1
偷工减料,0,1
偷偷,0,1
偷偷摸摸,0,1
头脑空虚,0,1
头痛,0,1
秃,0,1
徒,0,1
徒劳,0,1
徒劳无功,0,1
徒劳无益,0,1
徒然,0,1
土,0,1
土得掉渣,0,1
土里土气,0,1
土气,0,1
土俗,0,1
土头土脑,0,1
兔死狗烹,0,1
兔子不吃窝边草,0,1
兔子尾巴长不了,0,1
颓败,0,1
蜕化,0,1
蜕化变质,0,1
退化,0,1
拖泥带水,0,1
拖沓,0,1
歪,0,1
歪歪扭扭,0,1
歪斜,0,1
外面儿光,0,1
外行,0,1
顽,0,1
顽钝,0,1
顽梗,0,1
顽固,0,1
顽劣,0,1
顽皮,0,1
完全不重要,0,1
万恶,0,1
万花筒似,0,1
万马齐喑,0,1
万难,0,1
枉,0,1
枉费心机,0,1
枉然,0,1
望梅止渴,0,1
忘恩负义,0,1
忘情,0,1
妄,0,1
妄自尊大,0,1
威,0,1
威厉,0,1
微不足道,0,1
微贱,0,1
微茫,0,1
微末,0,1
危殆,0,1
危机四伏,0,1
危机重重,0,1
危急,0,1
危如累卵,0,1
危亡,0,1
危险,0,1
危在旦夕,0,1
唯利是图,0,1
唯我独尊,0,1
惟利是图,0,1
惟我独尊,0,1
为人作嫁,0,1
为人作嫁衣裳,0,1
为所欲为,0,1
萎靡不振,0,1
委靡不振,0,1
委琐,0,1
伪,0,1
伪善,0,1
伪造,0,1
未便,0,1
未成熟,0,1
未归类,0,1
未揭露,0,1
未老先衰,0,1
未列计划,0,1
未受过教育,0,1
味道不好,0,1
味同嚼蜡,0,1
畏怯,0,1
畏首畏尾,0,1
文不对题,0,1
文弱,0,1
文恬武嬉,0,1
紊,0,1
紊乱,0,1
问道于盲,0,1
乌沉沉,0,1
乌灯黑火,0,1
乌洞洞,0,1
乌七八糟,0,1
乌漆墨黑,0,1
乌涂,0,1
乌托邦,0,1
乌压压,0,1
乌烟瘴气,0,1
污,0,1
污秽,0,1
污七八糟,0,1
污浊,0,1
无伴,0,1
无表情,0,1
无补,0,1
无补于事,0,1
无常,0,1
无诚意,0,1
无道德观念,0,1
无的放矢,0,1
无动于衷,0,1
无度,0,1
无端,0,1
无端端,0,1
无法无天,0,1
无根据,0,1
无故,0,1
无关大局,0,1
无关宏旨,0,1
无关紧要,0,1
无关痛痒,0,1
无光,0,1
无光泽,0,1
无规,0,1
无涵养,0,1
无稽,0,1
无济于事,0,1
无计划,0,1
无记名,0,1
无纪律,0,1
无价值,0,1
无教养,0,1
无节制,0,1
无可无不可,0,1
无口才,0,1
无赖,0,1
无理,0,1
无礼,0,1
无力,0,1
无眉目,0,1
无目的,0,1
无能,0,1
无能为力,0,1
无凭无据,0,1
无情,0,1
无情无义,0,1
无人过问,0,1
无人问津,0,1
无伤大雅,0,1
无生气,0,1
无实效,0,1
无实质,0,1
无所帮助,0,1
无所不用其极,0,1
无特色,0,1
无望,0,1
无味,0,1
无谓,0,1
无吸引力,0,1
无限制,0,1
无效,0,1
无依无靠,0,1
无意义,0,1
无益,0,1
无用,0,1
无原则,0,1
无缘无故,0,1
无证据,0,1
无知,0,1
无中生有,0,1
无助,0,1
无足轻重,0,1
芜杂,0,1
武断,0,1
雾里看花,0,1
误,0,1
误诊,0,1
稀里糊涂,0,1
稀松,0,1
稀松平常,0,1
喜新厌旧,0,1
细碎,0,1
细小,0,1
瞎,0,1
下,0,1
下乘,0,1
下道儿,0,1
下等,0,1
下贱,0,1
下流,0,1
下品,0,1
下三烂,0,1
下三滥,0,1
下作,0,1
吓人,0,1
纤弱,0,1
险,0,1
险毒,0,1
险恶,0,1
险峻,0,1
险峭,0,1
险象环生,0,1
险要,0,1
险诈,0,1
险阻,0,1
现行,0,1
羡余,0,1
香艳,0,1
享乐,0,1
向上倾斜,0,1
向下倾斜,0,1
象征性,0,1
萧,0,1
萧然,0,1
萧瑟,0,1
萧森,0,1
萧疏,0,1
萧索,0,1
萧条,0,1
萧飒,0,1
嚣杂,0,1
嚣张,0,1
消极,0,1
小肚鸡肠,0,1
小儿科,0,1
小家子气,0,1
小家子相,0,1
小里小气,0,1
小气,0,1
小手小脚,0,1
小小不言,0,1
小心眼,0,1
小心眼儿,0,1
笑里藏刀,0,1
效率很差,0,1
携贰,0,1
邪,0,1
邪恶,0,1
斜,0,1
斜体,0,1
斜歪,0,1
卸磨杀驴,0,1
懈怠,0,1
辛,0,1
辛苦,0,1
辛酸,0,1
辛辛苦苦,0,1
心不在焉,0,1
心粗,0,1
心地狭窄,0,1
心毒,0,1
心浮,0,1
心黑手辣,0,1
心狠,0,1
心狠手辣,0,1
心口不一,0,1
心切,0,1
心如蛇蝎,0,1
心如铁石,0,1
心胸狭隘,0,1
心胸狭窄,0,1
心眼儿小,0,1
心眼儿窄,0,1
心眼小,0,1
心猿意马,0,1
星星点点,0,1
腥,0,1
腥臭,0,1
腥臊,0,1
腥膻,0,1
形单影只,0,1
形格势禁,0,1
形同路人,0,1
形同虚设,0,1
形影相吊,0,1
行不通,0,1
行为不端,0,1
行为不检,0,1
性格内向,0,1
性急,0,1
性情急躁,0,1
凶,0,1
凶巴巴,0,1
凶暴,0,1
凶残,0,1
凶毒,0,1
凶恶,0,1
凶悍,0,1
凶狠,0,1
凶横,0,1
凶狂,0,1
凶蛮,0,1
凶猛,0,1
凶煞,0,1
凶顽,0,1
凶险,0,1
凶戾,0,1
胸无城府,0,1
胸无点墨,0,1
熊,0,1
虚,0,1
虚诞,0,1
虚浮,0,1
虚幻,0,1
虚假,0,1
虚空,0,1
虚夸,0,1
虚拟,0,1
虚荣,0,1
虚弱,0,1
虚设,0,1
虚妄,0,1
虚伪,0,1
虚无,0,1
虚无飘渺,0,1
虚无缥缈,0,1
虚虚实实,0,1
虚有其表,0,1
虚诈,0,1
絮,0,1
絮叨,0,1
絮聒,0,1
喧,0,1
喧天,0,1
喧嚣,0,1
喧杂,0,1
喧噪,0,1
悬乎,0,1
悬空,0,1
学究气,0,1
学识浅薄,0,1
学识谫陋,0,1
雪上加霜,0,1
血淋淋,0,1
血腥,0,1
血雨腥风,0,1
牙碜,0,1
亚,0,1
烟雾弥漫,0,1
烟雾腾腾,0,1
严,0,1
严加,0,1
严峻,0,1
严苛,0,1
严酷,0,1
严冷,0,1
严厉,0,1
严重,0,1
言不由衷,0,1
言之无物,0,1
眼巴巴,0,1
眼光短浅,0,1
眼皮子高,0,1
眼皮子浅,0,1
眼生,0,1
衍,0,1
扬长,0,1
羊质虎皮,0,1
阳奉阴违,0,1
妖,0,1
妖里妖气,0,1
摇摇晃晃,0,1
摇摇欲坠,0,1
要不得,0,1
野,0,1
野鸡,0,1
野蛮,0,1
叶公好龙,0,1
夜郎自大,0,1
一把死拿,0,1
一暴十寒,0,1
一波三折,0,1
一不小心,0,1
一场空,0,1
一成不变,0,1
一触即溃,0,1
一发千钧,0,1
一锅粥,0,1
一脸横肉,0,1
一脸稚气,0,1
一毛不拔,0,1
一偏,0,1
一贫如洗,0,1
一钱不值,0,1
一仍旧贯,0,1
一手遮天,0,1
一塌糊涂,0,1
一团乱麻,0,1
一团漆黑,0,1
一团糟,0,1
一文不名,0,1
一文不值,0,1
一窝蜂,0,1
一无可取,0,1
一无是处,0,1
一无所长,0,1
一无所有,0,1
一言堂,0,1
一掷千金,0,1
依违,0,1
依稀,0,1
衣衫不整,0,1
颐指气使,0,1
疑难,0,1
倚老卖老,0,1
以怨报德,0,1
易变,0,1
易怒,0,1
臆,0,1
意马心猿,0,1
义正词严,0,1
溢价,0,1
异常,0,1
异形,0,1
荫,0,1
因循守旧,0,1
殷切,0,1
阴,0,1
阴暗,0,1
阴沉,0,1
阴沉沉,0,1
阴毒,0,1
阴恶,0,1
阴晦,0,1
阴冷,0,1
阴凄,0,1
阴森,0,1
阴森森,0,1
阴损,0,1
阴险,0,1
阴险毒辣,0,1
阴性,0,1
阴阳怪气,0,1
淫,0,1
淫荡,0,1
淫秽,0,1
淫贱,0,1
淫乱,0,1
淫靡,0,1
淫邪,0,1
淫逸,0,1
淫亵,0,1
淫猥,0,1
引起反感,0,1
隐,0,1
隐晦,0,1
隐秘,0,1
隐然,0,1
隐身,0,1
隐形,0,1
隐性,0,1
隐隐,0,1
隐隐绰绰,0,1
隐隐约约,0,1
隐约,0,1
应名儿,0,1
影影绰绰,0,1
硬气,0,1
硬生生,0,1
硬性,0,1
拥挤,0,1
拥挤不堪,0,1
庸,0,1
庸碌,0,1
庸俗,0,1
庸庸碌碌,0,1
用不着,0,1
幽暗,0,1
幽晦,0,1
幽幽,0,1
幽冥,0,1
幽黯,0,1
优柔寡断,0,1
悠谬,0,1
犹犹豫豫,0,1
犹豫不决,0,1
犹豫不前,0,1
油,0,1
油乎乎,0,1
油滑,0,1
油腻,0,1
油腻腻,0,1
油头滑脑,0,1
油脂麻花,0,1
油渍渍,0,1
有碍观瞻,0,1
有弊,0,1
有点旧,0,1
有毒,0,1
有毒性,0,1
有害,0,1
有名无实,0,1
有难度,0,1
有伤风化,0,1
有失检点,0,1
有失偏颇,0,1
有失身分,0,1
有始无终,0,1
有恃无恐,0,1
有头无尾,0,1
有一搭没一搭,0,1
有义务,0,1
有罪,0,1
幼稚,0,1
迂,0,1
迂腐,0,1
迂阔,0,1
迂拙,0,1
于事无补,0,1
愚,0,1
愚笨,0,1
愚不可及,0,1
愚痴,0,1
愚蠢,0,1
愚钝,0,1
愚陋,0,1
愚鲁,0,1
愚昧,0,1
愚昧无知,0,1
愚蒙,0,1
愚傻,0,1
愚顽,0,1
愚妄,0,1
愚拙,0,1
余剩,0,1
逾分,0,1
鱼龙混杂,0,1
鱼游釜中,0,1
与虎谋皮,0,1
与世隔绝,0,1
与世无争,0,1
语无伦次,0,1
语焉不详,0,1
羽毛未丰,0,1
欲壑难填,0,1
原始,0,1
圆,0,1
圆滑,0,1
约略,0,1
越轨,0,1
越礼,0,1
云遮雾障,0,1
云谲波诡,0,1
蕴藉,0,1
晕头转向,0,1
杂,0,1
杂草丛生,0,1
杂乱,0,1
杂乱无章,0,1
杂牌,0,1
杂七杂八,0,1
杂遝,0,1
杂沓,0,1
灾难性,0,1
在困难中,0,1
脏,0,1
脏乎乎,0,1
脏乱,0,1
脏乱差,0,1
脏兮兮,0,1
糟,0,1
糟糕,0,1
凿空,0,1
凿死理儿,0,1
躁,0,1
躁急,0,1
躁狂,0,1
造次,0,1
造作,0,1
贼,0,1
贼溜溜,0,1
贼眉鼠眼,0,1
贼去关门,0,1
贼头贼脑,0,1
扎手,0,1
轧,0,1
窄,0,1
张冠李戴,0,1
张狂,0,1
招致不幸,0,1
照本宣科,0,1
狰狞,0,1
正色,0,1
正颜厉色,0,1
枝蔓,0,1
支离,0,1
支离破碎,0,1
直呆呆,0,1
直瞪瞪,0,1
直盯盯,0,1
直勾勾,0,1
直愣愣,0,1
执迷不悟,0,1
执拗,0,1
趾高气扬,0,1
只顾自身利益,0,1
只听楼梯响，不见人下来,0,1
纸上谈兵,0,1
纸醉金迷,0,1
志大才疏,0,1
智障,0,1
稚气,0,1
质次价高,0,1
质量差,0,1
滞,0,1
滞背,0,1
滞钝,0,1
滞涩,0,1
滞销,0,1
窒闷,0,1
重沓,0,1
众叛亲离,0,1
皱,0,1
皱巴,0,1
皱巴巴,0,1
皱皱巴巴,0,1
竹篮打水,0,1
竹篮子打水,0,1
竹篮子打水一场空,0,1
煮豆燃萁,0,1
主观,0,1
主观上,0,1
讆,0,1
专横,0,1
专横跋扈,0,1
专制,0,1
转移性,0,1
装备不良,0,1
装模作样,0,1
装腔,0,1
装腔作势,0,1
装相,0,1
装样子,0,1
赘,0,1
赘余,0,1
捉襟见肘,0,1
捉摸不定,0,1
拙,0,1
拙笨,0,1
拙劣,0,1
着三不着两,0,1
浊,0,1
子虚,0,1
子虚乌有,0,1
自傲,0,1
自大,0,1
自负,0,1
自高自大,0,1
自豪,0,1
自命不凡,0,1
自命清高,0,1
自恃,0,1
自私,0,1
自私自利,0,1
自相矛盾,0,1
纵恣,0,1
走神,0,1
走油,0,1
嘴尖,0,1
醉翁之意不在酒,0,1
最差,0,1
最坏,0,1
罪不容诛,0,1
罪大恶极,0,1
罪恶,0,1
罪恶多端,0,1
罪恶深重,0,1
罪恶滔天,0,1
罪恶昭彰,0,1
罪恶昭著,0,1
罪该万死,0,1
罪孽深重,0,1
左,0,1
做作,0,1
作势,0,1
坐而论道,0,1
坐井观天,0,1
兀突,0,1
孬,0,1
噩,0,1
卮,0,1
啬,0,1
啬刻,0,1
厝火积薪,0,1
赝,0,1
剌,0,1
剌戾,0,1
罔,0,1
伧,0,1
伧俗,0,1
佶屈聱牙,0,1
侉,0,1
佻,0,1
俚,0,1
俚俗,0,1
倜然,0,1
倥侗,0,1
倥偬,0,1
倨,0,1
倨傲,0,1
巽,0,1
亵,0,1
羸弱,0,1
跅弛,0,1
跅驰,0,1
冥顽,0,1
冥顽不化,0,1
冥顽不灵,0,1
冥冥,0,1
讷,0,1
诎,0,1
诘屈聱牙,0,1
谫,0,1
谫陋,0,1
谲,0,1
谲诈,0,1
阢,0,1
阽,0,1
刍,0,1
堙,0,1
艽,0,1
苴,0,1
茕,0,1
茕茕,0,1
茕茕孑立,0,1
茕茕孑立，形影相吊,0,1
荏,0,1
荏弱,0,1
萋迷,0,1
迍邅,0,1
瞢,0,1
拗,0,1
拮据,0,1
吆三喝四,0,1
吆五喝六,0,1
咄咄逼人,0,1
哝,0,1
啷,0,1
嗲,0,1
嗲声嗲气,0,1
嘈,0,1
嘈杂,0,1
嘀里嘟噜,0,1
岌岌,0,1
岌岌不可终日,0,1
岌岌可危,0,1
嶙峋,0,1
嶙嶙,0,1
犷,0,1
犷悍,0,1
狃,0,1
狎,0,1
狎昵,0,1
狯,0,1
狷急,0,1
猥,0,1
猥鄙,0,1
猥贱,0,1
猥劣,0,1
猥陋,0,1
猥琐,0,1
猥亵,0,1
獐头鼠目,0,1
獠,0,1
舛,0,1
馀,0,1
廪,0,1
忉,0,1
忸忸怩怩,0,1
忸怩作态,0,1
怊,0,1
恹,0,1
恹恹,0,1
悖,0,1
悖晦,0,1
悖谬,0,1
悖逆,0,1
悖妄,0,1
悭,0,1
悭吝,0,1
悱,0,1
愦,0,1
愣头愣脑,0,1
愀然,0,1
愎,0,1
慵懒,0,1
懵,0,1
懵懂,0,1
懵里懵懂,0,1
懵懵懂懂,0,1
阙陋,0,1
阙略,0,1
湎,0,1
溲,0,1
溷浊,0,1
滂,0,1
澹然,0,1
蹇,0,1
遴,0,1
邋里邋遢,0,1
邋遢,0,1
邋邋遢遢,0,1
孱,0,1
孱弱,0,1
羼,0,1
媸,0,1
孑,0,1
孑然,0,1
孑然一身,0,1
孑身,0,1
驽,0,1
驽钝,0,1
骈枝,0,1
绌,0,1
缈,0,1
缛,0,1
缥缈,0,1
缭乱,0,1
幺麽,0,1
杌,0,1
桀,0,1
桀骜不驯,0,1
棼,0,1
槁,0,1
辁,0,1
暧,0,1
暧昧,0,1
暝,0,1
犟,0,1
毵毵,0,1
虢,0,1
朦,0,1
朦胧,0,1
朦朦胧胧,0,1
膻,0,1
膻气,0,1
膻腥,0,1
熹微,0,1
恝,0,1
恝然,0,1
恣,0,1
恣意,0,1
戆,0,1
戆头戆脑,0,1
沓,0,1
硗,0,1
硗薄,0,1
硗瘠,0,1
碜,0,1
睨,0,1
瞀,0,1
瞑,0,1
瞽,0,1
锱铢必较,0,1
鸷,0,1
鸷悍,0,1
疣赘,0,1
瘠,0,1
瘠薄,0,1
癃,0,1
癫狂,0,1
窭,0,1
窳,0,1
窳败,0,1
窳惰,0,1
窳劣,0,1
褊,0,1
褊急,0,1
褊狭,0,1
褶,0,1
矜持,0,1
矜夸,0,1
聒,0,1
聒噪,0,1
颛,0,1
颛蒙,0,1
颟顸,0,1
蚍蜉撼大树,0,1
蚍蜉撼树,0,1
蚩,0,1
蜻蜓点水,0,1
箪食瓢饮,0,1
趄,0,1
蹩脚,0,1
霭霭,0,1
龃,0,1
龃龉,0,1
龉,0,1
龌,0,1
龌龊,0,1
鲰,0,1
饕,0,1
黝,0,1
黝暗,0,1
黝黯,0,1
黠,0,1
黠慧,0,1
黢,0,1
黢黑,0,1
黩,0,1
黪,0,1
黯,0,1
黯淡,0,1
黯然,0,1
